date,commodity,predicted_close
2024-06-25,Brent Crude Oil,85.15345
2024-06-26,Brent Crude Oil,85.10957
2024-06-27,Brent Crude Oil,84.875046
2024-06-28,Brent Crude Oil,84.604614
2024-06-29,Brent Crude Oil,84.37735
2024-06-30,Brent Crude Oil,84.21831
2024-07-01,Brent Crude Oil,84.12251
2024-07-02,Brent Crude Oil,84.07309
2024-07-03,Brent Crude Oil,84.052124
2024-07-04,Brent Crude Oil,84.04565
2024-07-05,Brent Crude Oil,84.044685
2024-07-06,Brent Crude Oil,84.0446
2024-07-07,Brent Crude Oil,84.043594
2024-07-08,Brent Crude Oil,84.041504
2024-07-09,Brent Crude Oil,84.038795
2024-07-10,Brent Crude Oil,84.03602
2024-07-11,Brent Crude Oil,84.03362
2024-07-12,Brent Crude Oil,84.03182
2024-07-13,Brent Crude Oil,84.03066
2024-07-14,Brent Crude Oil,84.03007
2024-07-15,Brent Crude Oil,84.02994
2024-07-16,Brent Crude Oil,84.03014
2024-07-17,Brent Crude Oil,84.03058
2024-07-18,Brent Crude Oil,84.03114
2024-07-19,Brent Crude Oil,84.03179
2024-07-20,Brent Crude Oil,84.03247
2024-07-21,Brent Crude Oil,84.03315
2024-07-22,Brent Crude Oil,84.03381
2024-07-23,Brent Crude Oil,84.03443
2024-07-24,Brent Crude Oil,84.03503
2024-07-25,Brent Crude Oil,84.03557
2024-07-26,Brent Crude Oil,84.03605
2024-07-27,Brent Crude Oil,84.03649
2024-07-28,Brent Crude Oil,84.03689
2024-07-29,Brent Crude Oil,84.03723
2024-07-30,Brent Crude Oil,84.03753
2024-07-31,Brent Crude Oil,84.03779
2024-08-01,Brent Crude Oil,84.038
2024-08-02,Brent Crude Oil,84.03818
2024-08-03,Brent Crude Oil,84.03833
2024-08-04,Brent Crude Oil,84.03845
2024-08-05,Brent Crude Oil,84.03855
2024-08-06,Brent Crude Oil,84.038635
2024-08-07,Brent Crude Oil,84.0387
2024-08-08,Brent Crude Oil,84.03874
2024-08-09,Brent Crude Oil,84.03877
2024-08-10,Brent Crude Oil,84.0388
2024-08-11,Brent Crude Oil,84.03882
2024-08-12,Brent Crude Oil,84.03883
2024-08-13,Brent Crude Oil,84.03885
2024-08-14,Brent Crude Oil,84.03885
2024-08-15,Brent Crude Oil,84.03885
2024-08-16,Brent Crude Oil,84.03884
2024-08-17,Brent Crude Oil,84.03883
2024-08-18,Brent Crude Oil,84.03883
2024-08-19,Brent Crude Oil,84.038826
2024-08-20,Brent Crude Oil,84.038826
2024-08-21,Brent Crude Oil,84.038826
2024-08-22,Brent Crude Oil,84.03882
2024-08-23,Brent Crude Oil,84.03882
2024-08-24,Brent Crude Oil,84.0388
2024-08-25,Brent Crude Oil,84.0388
2024-08-26,Brent Crude Oil,84.0388
2024-08-27,Brent Crude Oil,84.038795
2024-08-28,Brent Crude Oil,84.03879
2024-08-29,Brent Crude Oil,84.03879
2024-08-30,Brent Crude Oil,84.03879
2024-08-31,Brent Crude Oil,84.03879
2024-09-01,Brent Crude Oil,84.03879
2024-09-02,Brent Crude Oil,84.03879
2024-09-03,Brent Crude Oil,84.03879
2024-09-04,Brent Crude Oil,84.03879
2024-09-05,Brent Crude Oil,84.03879
2024-09-06,Brent Crude Oil,84.03879
2024-09-07,Brent Crude Oil,84.03879
2024-09-08,Brent Crude Oil,84.03879
2024-09-09,Brent Crude Oil,84.03879
2024-09-10,Brent Crude Oil,84.03879
2024-09-11,Brent Crude Oil,84.03879
2024-09-12,Brent Crude Oil,84.03879
2024-09-13,Brent Crude Oil,84.03879
2024-09-14,Brent Crude Oil,84.03879
2024-09-15,Brent Crude Oil,84.03879
2024-09-16,Brent Crude Oil,84.03879
2024-09-17,Brent Crude Oil,84.03879
2024-09-18,Brent Crude Oil,84.03879
2024-09-19,Brent Crude Oil,84.03879
2024-09-20,Brent Crude Oil,84.03879
2024-09-21,Brent Crude Oil,84.03879
2024-09-22,Brent Crude Oil,84.03879
2024-09-23,Brent Crude Oil,84.03879
2024-09-24,Brent Crude Oil,84.03879
2024-09-25,Brent Crude Oil,84.03879
2024-09-26,Brent Crude Oil,84.03879
2024-09-27,Brent Crude Oil,84.03879
2024-09-28,Brent Crude Oil,84.03879
2024-09-29,Brent Crude Oil,84.03879
2024-09-30,Brent Crude Oil,84.03879
2024-10-01,Brent Crude Oil,84.03879
2024-10-02,Brent Crude Oil,84.03879
2024-10-03,Brent Crude Oil,84.03879
2024-10-04,Brent Crude Oil,84.03879
2024-10-05,Brent Crude Oil,84.03879
2024-10-06,Brent Crude Oil,84.03879
2024-10-07,Brent Crude Oil,84.03879
2024-10-08,Brent Crude Oil,84.03879
2024-10-09,Brent Crude Oil,84.03879
2024-10-10,Brent Crude Oil,84.03879
2024-10-11,Brent Crude Oil,84.03879
2024-10-12,Brent Crude Oil,84.03879
2024-10-13,Brent Crude Oil,84.03879
2024-10-14,Brent Crude Oil,84.03879
2024-10-15,Brent Crude Oil,84.03879
2024-10-16,Brent Crude Oil,84.03879
2024-10-17,Brent Crude Oil,84.03879
2024-10-18,Brent Crude Oil,84.03879
2024-10-19,Brent Crude Oil,84.03879
2024-10-20,Brent Crude Oil,84.03879
2024-10-21,Brent Crude Oil,84.03879
2024-10-22,Brent Crude Oil,84.03879
2024-10-23,Brent Crude Oil,84.03879
2024-10-24,Brent Crude Oil,84.03879
2024-10-25,Brent Crude Oil,84.03879
2024-10-26,Brent Crude Oil,84.03879
2024-10-27,Brent Crude Oil,84.03879
2024-10-28,Brent Crude Oil,84.03879
2024-10-29,Brent Crude Oil,84.03879
2024-10-30,Brent Crude Oil,84.03879
2024-10-31,Brent Crude Oil,84.03879
2024-11-01,Brent Crude Oil,84.03879
2024-11-02,Brent Crude Oil,84.03879
2024-11-03,Brent Crude Oil,84.03879
2024-11-04,Brent Crude Oil,84.03879
2024-11-05,Brent Crude Oil,84.03879
2024-11-06,Brent Crude Oil,84.03879
2024-11-07,Brent Crude Oil,84.03879
2024-11-08,Brent Crude Oil,84.03879
2024-11-09,Brent Crude Oil,84.03879
2024-11-10,Brent Crude Oil,84.03879
2024-11-11,Brent Crude Oil,84.03879
2024-11-12,Brent Crude Oil,84.03879
2024-11-13,Brent Crude Oil,84.03879
2024-11-14,Brent Crude Oil,84.03879
2024-11-15,Brent Crude Oil,84.03879
2024-11-16,Brent Crude Oil,84.03879
2024-11-17,Brent Crude Oil,84.03879
2024-11-18,Brent Crude Oil,84.03879
2024-11-19,Brent Crude Oil,84.03879
2024-11-20,Brent Crude Oil,84.03879
2024-11-21,Brent Crude Oil,84.03879
2024-11-22,Brent Crude Oil,84.03879
2024-11-23,Brent Crude Oil,84.03879
2024-11-24,Brent Crude Oil,84.03879
2024-11-25,Brent Crude Oil,84.03879
2024-11-26,Brent Crude Oil,84.03879
2024-11-27,Brent Crude Oil,84.03879
2024-11-28,Brent Crude Oil,84.03879
2024-11-29,Brent Crude Oil,84.03879
2024-11-30,Brent Crude Oil,84.03879
2024-12-01,Brent Crude Oil,84.03879
2024-12-02,Brent Crude Oil,84.03879
2024-12-03,Brent Crude Oil,84.03879
2024-12-04,Brent Crude Oil,84.03879
2024-12-05,Brent Crude Oil,84.03879
2024-12-06,Brent Crude Oil,84.03879
2024-12-07,Brent Crude Oil,84.03879
2024-12-08,Brent Crude Oil,84.03879
2024-12-09,Brent Crude Oil,84.03879
2024-12-10,Brent Crude Oil,84.03879
2024-12-11,Brent Crude Oil,84.03879
2024-12-12,Brent Crude Oil,84.03879
2024-12-13,Brent Crude Oil,84.03879
2024-12-14,Brent Crude Oil,84.03879
2024-12-15,Brent Crude Oil,84.03879
2024-12-16,Brent Crude Oil,84.03879
2024-12-17,Brent Crude Oil,84.03879
2024-12-18,Brent Crude Oil,84.03879
2024-12-19,Brent Crude Oil,84.03879
2024-12-20,Brent Crude Oil,84.03879
2024-12-21,Brent Crude Oil,84.03879
2024-12-22,Brent Crude Oil,84.03879
2024-12-23,Brent Crude Oil,84.03879
2024-12-24,Brent Crude Oil,84.03879
2024-12-25,Brent Crude Oil,84.03879
2024-12-26,Brent Crude Oil,84.03879
2024-12-27,Brent Crude Oil,84.03879
2024-12-28,Brent Crude Oil,84.03879
2024-12-29,Brent Crude Oil,84.03879
2024-12-30,Brent Crude Oil,84.03879
2024-12-31,Brent Crude Oil,84.03879
2025-01-01,Brent Crude Oil,84.03879
2025-01-02,Brent Crude Oil,84.03879
2025-01-03,Brent Crude Oil,84.03879
2025-01-04,Brent Crude Oil,84.03879
2025-01-05,Brent Crude Oil,84.03879
2025-01-06,Brent Crude Oil,84.03879
2025-01-07,Brent Crude Oil,84.03879
2025-01-08,Brent Crude Oil,84.03879
2025-01-09,Brent Crude Oil,84.03879
2025-01-10,Brent Crude Oil,84.03879
2025-01-11,Brent Crude Oil,84.03879
2025-01-12,Brent Crude Oil,84.03879
2025-01-13,Brent Crude Oil,84.03879
2025-01-14,Brent Crude Oil,84.03879
2025-01-15,Brent Crude Oil,84.03879
2025-01-16,Brent Crude Oil,84.03879
2025-01-17,Brent Crude Oil,84.03879
2025-01-18,Brent Crude Oil,84.03879
2025-01-19,Brent Crude Oil,84.03879
2025-01-20,Brent Crude Oil,84.03879
2025-01-21,Brent Crude Oil,84.03879
2025-01-22,Brent Crude Oil,84.03879
2025-01-23,Brent Crude Oil,84.03879
2025-01-24,Brent Crude Oil,84.03879
2025-01-25,Brent Crude Oil,84.03879
2025-01-26,Brent Crude Oil,84.03879
2025-01-27,Brent Crude Oil,84.03879
2025-01-28,Brent Crude Oil,84.03879
2025-01-29,Brent Crude Oil,84.03879
2025-01-30,Brent Crude Oil,84.03879
2025-01-31,Brent Crude Oil,84.03879
2025-02-01,Brent Crude Oil,84.03879
2025-02-02,Brent Crude Oil,84.03879
2025-02-03,Brent Crude Oil,84.03879
2025-02-04,Brent Crude Oil,84.03879
2025-02-05,Brent Crude Oil,84.03879
2025-02-06,Brent Crude Oil,84.03879
2025-02-07,Brent Crude Oil,84.03879
2025-02-08,Brent Crude Oil,84.03879
2025-02-09,Brent Crude Oil,84.03879
2025-02-10,Brent Crude Oil,84.03879
2025-02-11,Brent Crude Oil,84.03879
2025-02-12,Brent Crude Oil,84.03879
2025-02-13,Brent Crude Oil,84.03879
2025-02-14,Brent Crude Oil,84.03879
2025-02-15,Brent Crude Oil,84.03879
2025-02-16,Brent Crude Oil,84.03879
2025-02-17,Brent Crude Oil,84.03879
2025-02-18,Brent Crude Oil,84.03879
2025-02-19,Brent Crude Oil,84.03879
2025-02-20,Brent Crude Oil,84.03879
2025-02-21,Brent Crude Oil,84.03879
2025-02-22,Brent Crude Oil,84.03879
2025-02-23,Brent Crude Oil,84.03879
2025-02-24,Brent Crude Oil,84.03879
2025-02-25,Brent Crude Oil,84.03879
2025-02-26,Brent Crude Oil,84.03879
2025-02-27,Brent Crude Oil,84.03879
2025-02-28,Brent Crude Oil,84.03879
2025-03-01,Brent Crude Oil,84.03879
2025-03-02,Brent Crude Oil,84.03879
2025-03-03,Brent Crude Oil,84.03879
2025-03-04,Brent Crude Oil,84.03879
2025-03-05,Brent Crude Oil,84.03879
2025-03-06,Brent Crude Oil,84.03879
2025-03-07,Brent Crude Oil,84.03879
2025-03-08,Brent Crude Oil,84.03879
2025-03-09,Brent Crude Oil,84.03879
2025-03-10,Brent Crude Oil,84.03879
2025-03-11,Brent Crude Oil,84.03879
2025-03-12,Brent Crude Oil,84.03879
2025-03-13,Brent Crude Oil,84.03879
2025-03-14,Brent Crude Oil,84.03879
2025-03-15,Brent Crude Oil,84.03879
2025-03-16,Brent Crude Oil,84.03879
2025-03-17,Brent Crude Oil,84.03879
2025-03-18,Brent Crude Oil,84.03879
2025-03-19,Brent Crude Oil,84.03879
2025-03-20,Brent Crude Oil,84.03879
2025-03-21,Brent Crude Oil,84.03879
2025-03-22,Brent Crude Oil,84.03879
2025-03-23,Brent Crude Oil,84.03879
2025-03-24,Brent Crude Oil,84.03879
2025-03-25,Brent Crude Oil,84.03879
2025-03-26,Brent Crude Oil,84.03879
2025-03-27,Brent Crude Oil,84.03879
2025-03-28,Brent Crude Oil,84.03879
2025-03-29,Brent Crude Oil,84.03879
2025-03-30,Brent Crude Oil,84.03879
2025-03-31,Brent Crude Oil,84.03879
2025-04-01,Brent Crude Oil,84.03879
2025-04-02,Brent Crude Oil,84.03879
2025-04-03,Brent Crude Oil,84.03879
2025-04-04,Brent Crude Oil,84.03879
2025-04-05,Brent Crude Oil,84.03879
2025-04-06,Brent Crude Oil,84.03879
2025-04-07,Brent Crude Oil,84.03879
2025-04-08,Brent Crude Oil,84.03879
2025-04-09,Brent Crude Oil,84.03879
2025-04-10,Brent Crude Oil,84.03879
2025-04-11,Brent Crude Oil,84.03879
2025-04-12,Brent Crude Oil,84.03879
2025-04-13,Brent Crude Oil,84.03879
2025-04-14,Brent Crude Oil,84.03879
2025-04-15,Brent Crude Oil,84.03879
2025-04-16,Brent Crude Oil,84.03879
2025-04-17,Brent Crude Oil,84.03879
2025-04-18,Brent Crude Oil,84.03879
2025-04-19,Brent Crude Oil,84.03879
2025-04-20,Brent Crude Oil,84.03879
2025-04-21,Brent Crude Oil,84.03879
2025-04-22,Brent Crude Oil,84.03879
2025-04-23,Brent Crude Oil,84.03879
2025-04-24,Brent Crude Oil,84.03879
2025-04-25,Brent Crude Oil,84.03879
2025-04-26,Brent Crude Oil,84.03879
2025-04-27,Brent Crude Oil,84.03879
2025-04-28,Brent Crude Oil,84.03879
2025-04-29,Brent Crude Oil,84.03879
2025-04-30,Brent Crude Oil,84.03879
2025-05-01,Brent Crude Oil,84.03879
2025-05-02,Brent Crude Oil,84.03879
2025-05-03,Brent Crude Oil,84.03879
2025-05-04,Brent Crude Oil,84.03879
2025-05-05,Brent Crude Oil,84.03879
2025-05-06,Brent Crude Oil,84.03879
2025-05-07,Brent Crude Oil,84.03879
2025-05-08,Brent Crude Oil,84.03879
2025-05-09,Brent Crude Oil,84.03879
2025-05-10,Brent Crude Oil,84.03879
2025-05-11,Brent Crude Oil,84.03879
2025-05-12,Brent Crude Oil,84.03879
2025-05-13,Brent Crude Oil,84.03879
2025-05-14,Brent Crude Oil,84.03879
2025-05-15,Brent Crude Oil,84.03879
2025-05-16,Brent Crude Oil,84.03879
2025-05-17,Brent Crude Oil,84.03879
2025-05-18,Brent Crude Oil,84.03879
2025-05-19,Brent Crude Oil,84.03879
2025-05-20,Brent Crude Oil,84.03879
2025-05-21,Brent Crude Oil,84.03879
2025-05-22,Brent Crude Oil,84.03879
2025-05-23,Brent Crude Oil,84.03879
2025-05-24,Brent Crude Oil,84.03879
2025-05-25,Brent Crude Oil,84.03879
2025-05-26,Brent Crude Oil,84.03879
2025-05-27,Brent Crude Oil,84.03879
2025-05-28,Brent Crude Oil,84.03879
2025-05-29,Brent Crude Oil,84.03879
2025-05-30,Brent Crude Oil,84.03879
2025-05-31,Brent Crude Oil,84.03879
2025-06-01,Brent Crude Oil,84.03879
2025-06-02,Brent Crude Oil,84.03879
2025-06-03,Brent Crude Oil,84.03879
2025-06-04,Brent Crude Oil,84.03879
2025-06-05,Brent Crude Oil,84.03879
2025-06-06,Brent Crude Oil,84.03879
2025-06-07,Brent Crude Oil,84.03879
2025-06-08,Brent Crude Oil,84.03879
2025-06-09,Brent Crude Oil,84.03879
2025-06-10,Brent Crude Oil,84.03879
2025-06-11,Brent Crude Oil,84.03879
2025-06-12,Brent Crude Oil,84.03879
2025-06-13,Brent Crude Oil,84.03879
2025-06-14,Brent Crude Oil,84.03879
2025-06-15,Brent Crude Oil,84.03879
2025-06-16,Brent Crude Oil,84.03879
2025-06-17,Brent Crude Oil,84.03879
2025-06-18,Brent Crude Oil,84.03879
2025-06-19,Brent Crude Oil,84.03879
2025-06-20,Brent Crude Oil,84.03879
2025-06-21,Brent Crude Oil,84.03879
2025-06-22,Brent Crude Oil,84.03879
2025-06-23,Brent Crude Oil,84.03879
2025-06-24,Brent Crude Oil,84.03879
2024-06-25,Crude Oil,79.50307
2024-06-26,Crude Oil,79.89525
2024-06-27,Crude Oil,80.17913
2024-06-28,Crude Oil,80.37353
2024-06-29,Crude Oil,80.49576
2024-06-30,Crude Oil,80.561424
2024-07-01,Crude Oil,80.58419
2024-07-02,Crude Oil,80.57579
2024-07-03,Crude Oil,80.546074
2024-07-04,Crude Oil,80.50303
2024-07-05,Crude Oil,80.45304
2024-07-06,Crude Oil,80.40092
2024-07-07,Crude Oil,80.350174
2024-07-08,Crude Oil,80.30328
2024-07-09,Crude Oil,80.26165
2024-07-10,Crude Oil,80.226036
2024-07-11,Crude Oil,80.19669
2024-07-12,Crude Oil,80.17332
2024-07-13,Crude Oil,80.15548
2024-07-14,Crude Oil,80.14246
2024-07-15,Crude Oil,80.13355
2024-07-16,Crude Oil,80.127975
2024-07-17,Crude Oil,80.12503
2024-07-18,Crude Oil,80.12406
2024-07-19,Crude Oil,80.12445
2024-07-20,Crude Oil,80.12579
2024-07-21,Crude Oil,80.127625
2024-07-22,Crude Oil,80.12974
2024-07-23,Crude Oil,80.13187
2024-07-24,Crude Oil,80.13386
2024-07-25,Crude Oil,80.13563
2024-07-26,Crude Oil,80.137146
2024-07-27,Crude Oil,80.13837
2024-07-28,Crude Oil,80.13931
2024-07-29,Crude Oil,80.14003
2024-07-30,Crude Oil,80.1405
2024-07-31,Crude Oil,80.14079
2024-08-01,Crude Oil,80.14094
2024-08-02,Crude Oil,80.14099
2024-08-03,Crude Oil,80.14096
2024-08-04,Crude Oil,80.14089
2024-08-05,Crude Oil,80.14079
2024-08-06,Crude Oil,80.140686
2024-08-07,Crude Oil,80.140564
2024-08-08,Crude Oil,80.14046
2024-08-09,Crude Oil,80.14037
2024-08-10,Crude Oil,80.14028
2024-08-11,Crude Oil,80.140236
2024-08-12,Crude Oil,80.14018
2024-08-13,Crude Oil,80.140144
2024-08-14,Crude Oil,80.14013
2024-08-15,Crude Oil,80.14012
2024-08-16,Crude Oil,80.14011
2024-08-17,Crude Oil,80.14011
2024-08-18,Crude Oil,80.14011
2024-08-19,Crude Oil,80.14012
2024-08-20,Crude Oil,80.14012
2024-08-21,Crude Oil,80.14012
2024-08-22,Crude Oil,80.140144
2024-08-23,Crude Oil,80.140144
2024-08-24,Crude Oil,80.14015
2024-08-25,Crude Oil,80.14016
2024-08-26,Crude Oil,80.14015
2024-08-27,Crude Oil,80.14016
2024-08-28,Crude Oil,80.140175
2024-08-29,Crude Oil,80.14018
2024-08-30,Crude Oil,80.14018
2024-08-31,Crude Oil,80.140175
2024-09-01,Crude Oil,80.14018
2024-09-02,Crude Oil,80.14018
2024-09-03,Crude Oil,80.140175
2024-09-04,Crude Oil,80.14018
2024-09-05,Crude Oil,80.14016
2024-09-06,Crude Oil,80.140175
2024-09-07,Crude Oil,80.14018
2024-09-08,Crude Oil,80.140175
2024-09-09,Crude Oil,80.14016
2024-09-10,Crude Oil,80.140175
2024-09-11,Crude Oil,80.14016
2024-09-12,Crude Oil,80.14018
2024-09-13,Crude Oil,80.14016
2024-09-14,Crude Oil,80.140175
2024-09-15,Crude Oil,80.140175
2024-09-16,Crude Oil,80.140175
2024-09-17,Crude Oil,80.14016
2024-09-18,Crude Oil,80.14016
2024-09-19,Crude Oil,80.140175
2024-09-20,Crude Oil,80.14018
2024-09-21,Crude Oil,80.14016
2024-09-22,Crude Oil,80.14018
2024-09-23,Crude Oil,80.14016
2024-09-24,Crude Oil,80.140175
2024-09-25,Crude Oil,80.140175
2024-09-26,Crude Oil,80.14018
2024-09-27,Crude Oil,80.14018
2024-09-28,Crude Oil,80.140175
2024-09-29,Crude Oil,80.140175
2024-09-30,Crude Oil,80.14016
2024-10-01,Crude Oil,80.140175
2024-10-02,Crude Oil,80.140175
2024-10-03,Crude Oil,80.140175
2024-10-04,Crude Oil,80.14018
2024-10-05,Crude Oil,80.14018
2024-10-06,Crude Oil,80.140175
2024-10-07,Crude Oil,80.14016
2024-10-08,Crude Oil,80.140175
2024-10-09,Crude Oil,80.140175
2024-10-10,Crude Oil,80.140175
2024-10-11,Crude Oil,80.140175
2024-10-12,Crude Oil,80.14016
2024-10-13,Crude Oil,80.14018
2024-10-14,Crude Oil,80.14016
2024-10-15,Crude Oil,80.14018
2024-10-16,Crude Oil,80.140175
2024-10-17,Crude Oil,80.140175
2024-10-18,Crude Oil,80.14016
2024-10-19,Crude Oil,80.140175
2024-10-20,Crude Oil,80.140175
2024-10-21,Crude Oil,80.140175
2024-10-22,Crude Oil,80.140175
2024-10-23,Crude Oil,80.140175
2024-10-24,Crude Oil,80.140175
2024-10-25,Crude Oil,80.14018
2024-10-26,Crude Oil,80.140175
2024-10-27,Crude Oil,80.140175
2024-10-28,Crude Oil,80.140175
2024-10-29,Crude Oil,80.14018
2024-10-30,Crude Oil,80.14016
2024-10-31,Crude Oil,80.140175
2024-11-01,Crude Oil,80.140175
2024-11-02,Crude Oil,80.140175
2024-11-03,Crude Oil,80.14018
2024-11-04,Crude Oil,80.140175
2024-11-05,Crude Oil,80.140175
2024-11-06,Crude Oil,80.140175
2024-11-07,Crude Oil,80.14016
2024-11-08,Crude Oil,80.14018
2024-11-09,Crude Oil,80.14018
2024-11-10,Crude Oil,80.14018
2024-11-11,Crude Oil,80.140175
2024-11-12,Crude Oil,80.14016
2024-11-13,Crude Oil,80.14018
2024-11-14,Crude Oil,80.140175
2024-11-15,Crude Oil,80.140175
2024-11-16,Crude Oil,80.140175
2024-11-17,Crude Oil,80.140175
2024-11-18,Crude Oil,80.140175
2024-11-19,Crude Oil,80.140175
2024-11-20,Crude Oil,80.14018
2024-11-21,Crude Oil,80.140175
2024-11-22,Crude Oil,80.140175
2024-11-23,Crude Oil,80.140175
2024-11-24,Crude Oil,80.140175
2024-11-25,Crude Oil,80.14016
2024-11-26,Crude Oil,80.140175
2024-11-27,Crude Oil,80.140175
2024-11-28,Crude Oil,80.14016
2024-11-29,Crude Oil,80.140175
2024-11-30,Crude Oil,80.14016
2024-12-01,Crude Oil,80.14016
2024-12-02,Crude Oil,80.140175
2024-12-03,Crude Oil,80.140175
2024-12-04,Crude Oil,80.14018
2024-12-05,Crude Oil,80.140175
2024-12-06,Crude Oil,80.14018
2024-12-07,Crude Oil,80.14018
2024-12-08,Crude Oil,80.140175
2024-12-09,Crude Oil,80.140175
2024-12-10,Crude Oil,80.14018
2024-12-11,Crude Oil,80.14016
2024-12-12,Crude Oil,80.14018
2024-12-13,Crude Oil,80.140175
2024-12-14,Crude Oil,80.140175
2024-12-15,Crude Oil,80.14016
2024-12-16,Crude Oil,80.14018
2024-12-17,Crude Oil,80.14018
2024-12-18,Crude Oil,80.14016
2024-12-19,Crude Oil,80.140175
2024-12-20,Crude Oil,80.14016
2024-12-21,Crude Oil,80.14018
2024-12-22,Crude Oil,80.14018
2024-12-23,Crude Oil,80.140175
2024-12-24,Crude Oil,80.14016
2024-12-25,Crude Oil,80.14016
2024-12-26,Crude Oil,80.140175
2024-12-27,Crude Oil,80.14016
2024-12-28,Crude Oil,80.14018
2024-12-29,Crude Oil,80.14016
2024-12-30,Crude Oil,80.140175
2024-12-31,Crude Oil,80.14016
2025-01-01,Crude Oil,80.140175
2025-01-02,Crude Oil,80.14018
2025-01-03,Crude Oil,80.14018
2025-01-04,Crude Oil,80.140175
2025-01-05,Crude Oil,80.14016
2025-01-06,Crude Oil,80.14018
2025-01-07,Crude Oil,80.140175
2025-01-08,Crude Oil,80.14016
2025-01-09,Crude Oil,80.14018
2025-01-10,Crude Oil,80.140175
2025-01-11,Crude Oil,80.140175
2025-01-12,Crude Oil,80.140175
2025-01-13,Crude Oil,80.14018
2025-01-14,Crude Oil,80.140175
2025-01-15,Crude Oil,80.14016
2025-01-16,Crude Oil,80.14018
2025-01-17,Crude Oil,80.14018
2025-01-18,Crude Oil,80.14018
2025-01-19,Crude Oil,80.140175
2025-01-20,Crude Oil,80.140175
2025-01-21,Crude Oil,80.140175
2025-01-22,Crude Oil,80.140175
2025-01-23,Crude Oil,80.140175
2025-01-24,Crude Oil,80.14016
2025-01-25,Crude Oil,80.14016
2025-01-26,Crude Oil,80.14016
2025-01-27,Crude Oil,80.140175
2025-01-28,Crude Oil,80.140175
2025-01-29,Crude Oil,80.140175
2025-01-30,Crude Oil,80.140175
2025-01-31,Crude Oil,80.140175
2025-02-01,Crude Oil,80.14016
2025-02-02,Crude Oil,80.14018
2025-02-03,Crude Oil,80.140175
2025-02-04,Crude Oil,80.140175
2025-02-05,Crude Oil,80.140175
2025-02-06,Crude Oil,80.140175
2025-02-07,Crude Oil,80.14018
2025-02-08,Crude Oil,80.140175
2025-02-09,Crude Oil,80.140175
2025-02-10,Crude Oil,80.14016
2025-02-11,Crude Oil,80.140175
2025-02-12,Crude Oil,80.140175
2025-02-13,Crude Oil,80.140175
2025-02-14,Crude Oil,80.140175
2025-02-15,Crude Oil,80.140175
2025-02-16,Crude Oil,80.14016
2025-02-17,Crude Oil,80.140175
2025-02-18,Crude Oil,80.140175
2025-02-19,Crude Oil,80.140175
2025-02-20,Crude Oil,80.14018
2025-02-21,Crude Oil,80.14016
2025-02-22,Crude Oil,80.140175
2025-02-23,Crude Oil,80.140175
2025-02-24,Crude Oil,80.140175
2025-02-25,Crude Oil,80.14016
2025-02-26,Crude Oil,80.14018
2025-02-27,Crude Oil,80.14018
2025-02-28,Crude Oil,80.14016
2025-03-01,Crude Oil,80.140175
2025-03-02,Crude Oil,80.140175
2025-03-03,Crude Oil,80.14018
2025-03-04,Crude Oil,80.14018
2025-03-05,Crude Oil,80.14018
2025-03-06,Crude Oil,80.14018
2025-03-07,Crude Oil,80.140175
2025-03-08,Crude Oil,80.140175
2025-03-09,Crude Oil,80.14016
2025-03-10,Crude Oil,80.14018
2025-03-11,Crude Oil,80.140175
2025-03-12,Crude Oil,80.14018
2025-03-13,Crude Oil,80.14016
2025-03-14,Crude Oil,80.14018
2025-03-15,Crude Oil,80.14016
2025-03-16,Crude Oil,80.140175
2025-03-17,Crude Oil,80.14018
2025-03-18,Crude Oil,80.14018
2025-03-19,Crude Oil,80.140175
2025-03-20,Crude Oil,80.140175
2025-03-21,Crude Oil,80.140175
2025-03-22,Crude Oil,80.140175
2025-03-23,Crude Oil,80.14016
2025-03-24,Crude Oil,80.14018
2025-03-25,Crude Oil,80.14016
2025-03-26,Crude Oil,80.14016
2025-03-27,Crude Oil,80.140175
2025-03-28,Crude Oil,80.14016
2025-03-29,Crude Oil,80.140175
2025-03-30,Crude Oil,80.140175
2025-03-31,Crude Oil,80.14018
2025-04-01,Crude Oil,80.14016
2025-04-02,Crude Oil,80.140175
2025-04-03,Crude Oil,80.140175
2025-04-04,Crude Oil,80.14016
2025-04-05,Crude Oil,80.14018
2025-04-06,Crude Oil,80.140175
2025-04-07,Crude Oil,80.14018
2025-04-08,Crude Oil,80.14018
2025-04-09,Crude Oil,80.140175
2025-04-10,Crude Oil,80.140175
2025-04-11,Crude Oil,80.140175
2025-04-12,Crude Oil,80.140175
2025-04-13,Crude Oil,80.14016
2025-04-14,Crude Oil,80.14018
2025-04-15,Crude Oil,80.140175
2025-04-16,Crude Oil,80.140175
2025-04-17,Crude Oil,80.140175
2025-04-18,Crude Oil,80.140175
2025-04-19,Crude Oil,80.140175
2025-04-20,Crude Oil,80.140175
2025-04-21,Crude Oil,80.14016
2025-04-22,Crude Oil,80.14016
2025-04-23,Crude Oil,80.140175
2025-04-24,Crude Oil,80.140175
2025-04-25,Crude Oil,80.140175
2025-04-26,Crude Oil,80.14018
2025-04-27,Crude Oil,80.140175
2025-04-28,Crude Oil,80.14018
2025-04-29,Crude Oil,80.14018
2025-04-30,Crude Oil,80.14018
2025-05-01,Crude Oil,80.140175
2025-05-02,Crude Oil,80.140175
2025-05-03,Crude Oil,80.14018
2025-05-04,Crude Oil,80.140175
2025-05-05,Crude Oil,80.140175
2025-05-06,Crude Oil,80.14016
2025-05-07,Crude Oil,80.140175
2025-05-08,Crude Oil,80.14016
2025-05-09,Crude Oil,80.14018
2025-05-10,Crude Oil,80.140175
2025-05-11,Crude Oil,80.14018
2025-05-12,Crude Oil,80.14016
2025-05-13,Crude Oil,80.140175
2025-05-14,Crude Oil,80.140175
2025-05-15,Crude Oil,80.14018
2025-05-16,Crude Oil,80.140175
2025-05-17,Crude Oil,80.140175
2025-05-18,Crude Oil,80.140175
2025-05-19,Crude Oil,80.14016
2025-05-20,Crude Oil,80.140175
2025-05-21,Crude Oil,80.140175
2025-05-22,Crude Oil,80.14018
2025-05-23,Crude Oil,80.14016
2025-05-24,Crude Oil,80.14018
2025-05-25,Crude Oil,80.140175
2025-05-26,Crude Oil,80.140175
2025-05-27,Crude Oil,80.140175
2025-05-28,Crude Oil,80.14018
2025-05-29,Crude Oil,80.140175
2025-05-30,Crude Oil,80.140175
2025-05-31,Crude Oil,80.140175
2025-06-01,Crude Oil,80.14016
2025-06-02,Crude Oil,80.14018
2025-06-03,Crude Oil,80.14016
2025-06-04,Crude Oil,80.140175
2025-06-05,Crude Oil,80.14016
2025-06-06,Crude Oil,80.140175
2025-06-07,Crude Oil,80.14016
2025-06-08,Crude Oil,80.140175
2025-06-09,Crude Oil,80.14018
2025-06-10,Crude Oil,80.140175
2025-06-11,Crude Oil,80.140175
2025-06-12,Crude Oil,80.14016
2025-06-13,Crude Oil,80.14016
2025-06-14,Crude Oil,80.14018
2025-06-15,Crude Oil,80.140175
2025-06-16,Crude Oil,80.14018
2025-06-17,Crude Oil,80.140175
2025-06-18,Crude Oil,80.14018
2025-06-19,Crude Oil,80.14018
2025-06-20,Crude Oil,80.14016
2025-06-21,Crude Oil,80.14018
2025-06-22,Crude Oil,80.140175
2025-06-23,Crude Oil,80.140175
2025-06-24,Crude Oil,80.140175
2024-06-25,Heating Oil,2.4781096
2024-06-26,Heating Oil,2.4818017
2024-06-27,Heating Oil,2.480969
2024-06-28,Heating Oil,2.4776232
2024-06-29,Heating Oil,2.4731207
2024-06-30,Heating Oil,2.4683201
2024-07-01,Heating Oil,2.4637222
2024-07-02,Heating Oil,2.4595833
2024-07-03,Heating Oil,2.4560046
2024-07-04,Heating Oil,2.4529927
2024-07-05,Heating Oil,2.4505048
2024-07-06,Heating Oil,2.4484744
2024-07-07,Heating Oil,2.446831
2024-07-08,Heating Oil,2.4455075
2024-07-09,Heating Oil,2.4444447
2024-07-10,Heating Oil,2.4435928
2024-07-11,Heating Oil,2.4429114
2024-07-12,Heating Oil,2.4423692
2024-07-13,Heating Oil,2.4419394
2024-07-14,Heating Oil,2.4416027
2024-07-15,Heating Oil,2.4413419
2024-07-16,Heating Oil,2.4411445
2024-07-17,Heating Oil,2.4409997
2024-07-18,Heating Oil,2.440899
2024-07-19,Heating Oil,2.440833
2024-07-20,Heating Oil,2.4407966
2024-07-21,Heating Oil,2.4407833
2024-07-22,Heating Oil,2.440788
2024-07-23,Heating Oil,2.4408069
2024-07-24,Heating Oil,2.440836
2024-07-25,Heating Oil,2.4408724
2024-07-26,Heating Oil,2.4409125
2024-07-27,Heating Oil,2.4409554
2024-07-28,Heating Oil,2.4409995
2024-07-29,Heating Oil,2.4410427
2024-07-30,Heating Oil,2.4410841
2024-07-31,Heating Oil,2.441123
2024-08-01,Heating Oil,2.4411588
2024-08-02,Heating Oil,2.441192
2024-08-03,Heating Oil,2.441221
2024-08-04,Heating Oil,2.4412477
2024-08-05,Heating Oil,2.4412706
2024-08-06,Heating Oil,2.4412906
2024-08-07,Heating Oil,2.441308
2024-08-08,Heating Oil,2.4413223
2024-08-09,Heating Oil,2.4413352
2024-08-10,Heating Oil,2.441346
2024-08-11,Heating Oil,2.4413548
2024-08-12,Heating Oil,2.4413617
2024-08-13,Heating Oil,2.4413671
2024-08-14,Heating Oil,2.4413717
2024-08-15,Heating Oil,2.4413753
2024-08-16,Heating Oil,2.441378
2024-08-17,Heating Oil,2.4413798
2024-08-18,Heating Oil,2.441381
2024-08-19,Heating Oil,2.4413822
2024-08-20,Heating Oil,2.4413826
2024-08-21,Heating Oil,2.4413831
2024-08-22,Heating Oil,2.4413826
2024-08-23,Heating Oil,2.4413831
2024-08-24,Heating Oil,2.4413826
2024-08-25,Heating Oil,2.4413822
2024-08-26,Heating Oil,2.441382
2024-08-27,Heating Oil,2.4413817
2024-08-28,Heating Oil,2.4413815
2024-08-29,Heating Oil,2.4413807
2024-08-30,Heating Oil,2.4413803
2024-08-31,Heating Oil,2.4413803
2024-09-01,Heating Oil,2.44138
2024-09-02,Heating Oil,2.4413793
2024-09-03,Heating Oil,2.441379
2024-09-04,Heating Oil,2.441379
2024-09-05,Heating Oil,2.441379
2024-09-06,Heating Oil,2.4413788
2024-09-07,Heating Oil,2.4413788
2024-09-08,Heating Oil,2.4413786
2024-09-09,Heating Oil,2.4413786
2024-09-10,Heating Oil,2.4413786
2024-09-11,Heating Oil,2.4413786
2024-09-12,Heating Oil,2.4413786
2024-09-13,Heating Oil,2.4413784
2024-09-14,Heating Oil,2.4413784
2024-09-15,Heating Oil,2.4413784
2024-09-16,Heating Oil,2.4413784
2024-09-17,Heating Oil,2.4413784
2024-09-18,Heating Oil,2.4413784
2024-09-19,Heating Oil,2.4413784
2024-09-20,Heating Oil,2.4413784
2024-09-21,Heating Oil,2.4413784
2024-09-22,Heating Oil,2.4413784
2024-09-23,Heating Oil,2.4413784
2024-09-24,Heating Oil,2.4413784
2024-09-25,Heating Oil,2.4413784
2024-09-26,Heating Oil,2.4413784
2024-09-27,Heating Oil,2.4413784
2024-09-28,Heating Oil,2.4413784
2024-09-29,Heating Oil,2.4413784
2024-09-30,Heating Oil,2.4413784
2024-10-01,Heating Oil,2.4413784
2024-10-02,Heating Oil,2.4413784
2024-10-03,Heating Oil,2.4413784
2024-10-04,Heating Oil,2.4413786
2024-10-05,Heating Oil,2.4413784
2024-10-06,Heating Oil,2.4413784
2024-10-07,Heating Oil,2.4413784
2024-10-08,Heating Oil,2.4413784
2024-10-09,Heating Oil,2.4413784
2024-10-10,Heating Oil,2.4413784
2024-10-11,Heating Oil,2.4413784
2024-10-12,Heating Oil,2.4413784
2024-10-13,Heating Oil,2.4413784
2024-10-14,Heating Oil,2.4413784
2024-10-15,Heating Oil,2.4413784
2024-10-16,Heating Oil,2.4413784
2024-10-17,Heating Oil,2.4413784
2024-10-18,Heating Oil,2.4413784
2024-10-19,Heating Oil,2.4413784
2024-10-20,Heating Oil,2.4413784
2024-10-21,Heating Oil,2.4413784
2024-10-22,Heating Oil,2.4413784
2024-10-23,Heating Oil,2.4413784
2024-10-24,Heating Oil,2.4413784
2024-10-25,Heating Oil,2.4413784
2024-10-26,Heating Oil,2.4413784
2024-10-27,Heating Oil,2.4413784
2024-10-28,Heating Oil,2.4413784
2024-10-29,Heating Oil,2.4413784
2024-10-30,Heating Oil,2.4413784
2024-10-31,Heating Oil,2.4413784
2024-11-01,Heating Oil,2.4413784
2024-11-02,Heating Oil,2.4413784
2024-11-03,Heating Oil,2.4413784
2024-11-04,Heating Oil,2.4413784
2024-11-05,Heating Oil,2.4413784
2024-11-06,Heating Oil,2.4413784
2024-11-07,Heating Oil,2.4413784
2024-11-08,Heating Oil,2.4413784
2024-11-09,Heating Oil,2.4413784
2024-11-10,Heating Oil,2.4413784
2024-11-11,Heating Oil,2.4413784
2024-11-12,Heating Oil,2.4413784
2024-11-13,Heating Oil,2.4413784
2024-11-14,Heating Oil,2.4413784
2024-11-15,Heating Oil,2.4413784
2024-11-16,Heating Oil,2.4413784
2024-11-17,Heating Oil,2.4413784
2024-11-18,Heating Oil,2.4413784
2024-11-19,Heating Oil,2.4413784
2024-11-20,Heating Oil,2.4413784
2024-11-21,Heating Oil,2.4413784
2024-11-22,Heating Oil,2.4413784
2024-11-23,Heating Oil,2.4413784
2024-11-24,Heating Oil,2.4413784
2024-11-25,Heating Oil,2.4413784
2024-11-26,Heating Oil,2.4413784
2024-11-27,Heating Oil,2.4413784
2024-11-28,Heating Oil,2.4413784
2024-11-29,Heating Oil,2.4413784
2024-11-30,Heating Oil,2.4413784
2024-12-01,Heating Oil,2.4413784
2024-12-02,Heating Oil,2.4413784
2024-12-03,Heating Oil,2.4413784
2024-12-04,Heating Oil,2.4413784
2024-12-05,Heating Oil,2.4413784
2024-12-06,Heating Oil,2.4413784
2024-12-07,Heating Oil,2.4413784
2024-12-08,Heating Oil,2.4413784
2024-12-09,Heating Oil,2.4413784
2024-12-10,Heating Oil,2.4413784
2024-12-11,Heating Oil,2.4413784
2024-12-12,Heating Oil,2.4413784
2024-12-13,Heating Oil,2.4413786
2024-12-14,Heating Oil,2.4413784
2024-12-15,Heating Oil,2.4413784
2024-12-16,Heating Oil,2.4413784
2024-12-17,Heating Oil,2.4413784
2024-12-18,Heating Oil,2.4413784
2024-12-19,Heating Oil,2.4413784
2024-12-20,Heating Oil,2.4413784
2024-12-21,Heating Oil,2.4413784
2024-12-22,Heating Oil,2.4413784
2024-12-23,Heating Oil,2.4413784
2024-12-24,Heating Oil,2.4413784
2024-12-25,Heating Oil,2.4413784
2024-12-26,Heating Oil,2.4413784
2024-12-27,Heating Oil,2.4413784
2024-12-28,Heating Oil,2.4413784
2024-12-29,Heating Oil,2.4413784
2024-12-30,Heating Oil,2.4413784
2024-12-31,Heating Oil,2.4413784
2025-01-01,Heating Oil,2.4413784
2025-01-02,Heating Oil,2.4413784
2025-01-03,Heating Oil,2.4413784
2025-01-04,Heating Oil,2.4413784
2025-01-05,Heating Oil,2.4413784
2025-01-06,Heating Oil,2.4413784
2025-01-07,Heating Oil,2.4413784
2025-01-08,Heating Oil,2.4413784
2025-01-09,Heating Oil,2.4413784
2025-01-10,Heating Oil,2.4413784
2025-01-11,Heating Oil,2.4413784
2025-01-12,Heating Oil,2.4413784
2025-01-13,Heating Oil,2.4413784
2025-01-14,Heating Oil,2.4413784
2025-01-15,Heating Oil,2.4413784
2025-01-16,Heating Oil,2.4413784
2025-01-17,Heating Oil,2.4413784
2025-01-18,Heating Oil,2.4413784
2025-01-19,Heating Oil,2.4413784
2025-01-20,Heating Oil,2.4413784
2025-01-21,Heating Oil,2.4413784
2025-01-22,Heating Oil,2.4413784
2025-01-23,Heating Oil,2.4413784
2025-01-24,Heating Oil,2.4413784
2025-01-25,Heating Oil,2.4413784
2025-01-26,Heating Oil,2.4413784
2025-01-27,Heating Oil,2.4413784
2025-01-28,Heating Oil,2.4413784
2025-01-29,Heating Oil,2.4413784
2025-01-30,Heating Oil,2.4413784
2025-01-31,Heating Oil,2.4413784
2025-02-01,Heating Oil,2.4413784
2025-02-02,Heating Oil,2.4413784
2025-02-03,Heating Oil,2.4413784
2025-02-04,Heating Oil,2.4413784
2025-02-05,Heating Oil,2.4413784
2025-02-06,Heating Oil,2.4413784
2025-02-07,Heating Oil,2.4413784
2025-02-08,Heating Oil,2.4413784
2025-02-09,Heating Oil,2.4413784
2025-02-10,Heating Oil,2.4413784
2025-02-11,Heating Oil,2.4413784
2025-02-12,Heating Oil,2.4413784
2025-02-13,Heating Oil,2.4413784
2025-02-14,Heating Oil,2.4413784
2025-02-15,Heating Oil,2.4413784
2025-02-16,Heating Oil,2.4413784
2025-02-17,Heating Oil,2.4413784
2025-02-18,Heating Oil,2.4413784
2025-02-19,Heating Oil,2.4413784
2025-02-20,Heating Oil,2.4413784
2025-02-21,Heating Oil,2.4413784
2025-02-22,Heating Oil,2.4413784
2025-02-23,Heating Oil,2.4413784
2025-02-24,Heating Oil,2.4413784
2025-02-25,Heating Oil,2.4413784
2025-02-26,Heating Oil,2.4413784
2025-02-27,Heating Oil,2.4413784
2025-02-28,Heating Oil,2.4413784
2025-03-01,Heating Oil,2.4413784
2025-03-02,Heating Oil,2.4413784
2025-03-03,Heating Oil,2.4413784
2025-03-04,Heating Oil,2.4413784
2025-03-05,Heating Oil,2.4413784
2025-03-06,Heating Oil,2.4413784
2025-03-07,Heating Oil,2.4413784
2025-03-08,Heating Oil,2.4413784
2025-03-09,Heating Oil,2.4413784
2025-03-10,Heating Oil,2.4413784
2025-03-11,Heating Oil,2.4413784
2025-03-12,Heating Oil,2.4413784
2025-03-13,Heating Oil,2.4413784
2025-03-14,Heating Oil,2.4413784
2025-03-15,Heating Oil,2.4413784
2025-03-16,Heating Oil,2.4413784
2025-03-17,Heating Oil,2.4413784
2025-03-18,Heating Oil,2.4413784
2025-03-19,Heating Oil,2.4413784
2025-03-20,Heating Oil,2.4413784
2025-03-21,Heating Oil,2.4413784
2025-03-22,Heating Oil,2.4413784
2025-03-23,Heating Oil,2.4413784
2025-03-24,Heating Oil,2.4413784
2025-03-25,Heating Oil,2.4413784
2025-03-26,Heating Oil,2.4413784
2025-03-27,Heating Oil,2.4413784
2025-03-28,Heating Oil,2.4413784
2025-03-29,Heating Oil,2.4413784
2025-03-30,Heating Oil,2.4413784
2025-03-31,Heating Oil,2.4413784
2025-04-01,Heating Oil,2.4413784
2025-04-02,Heating Oil,2.4413784
2025-04-03,Heating Oil,2.4413784
2025-04-04,Heating Oil,2.4413784
2025-04-05,Heating Oil,2.4413784
2025-04-06,Heating Oil,2.4413784
2025-04-07,Heating Oil,2.4413784
2025-04-08,Heating Oil,2.4413784
2025-04-09,Heating Oil,2.4413784
2025-04-10,Heating Oil,2.4413784
2025-04-11,Heating Oil,2.4413784
2025-04-12,Heating Oil,2.4413784
2025-04-13,Heating Oil,2.4413784
2025-04-14,Heating Oil,2.4413784
2025-04-15,Heating Oil,2.4413784
2025-04-16,Heating Oil,2.4413784
2025-04-17,Heating Oil,2.4413784
2025-04-18,Heating Oil,2.4413784
2025-04-19,Heating Oil,2.4413784
2025-04-20,Heating Oil,2.4413784
2025-04-21,Heating Oil,2.4413784
2025-04-22,Heating Oil,2.4413784
2025-04-23,Heating Oil,2.4413784
2025-04-24,Heating Oil,2.4413784
2025-04-25,Heating Oil,2.4413784
2025-04-26,Heating Oil,2.4413784
2025-04-27,Heating Oil,2.4413784
2025-04-28,Heating Oil,2.4413784
2025-04-29,Heating Oil,2.4413784
2025-04-30,Heating Oil,2.4413784
2025-05-01,Heating Oil,2.4413784
2025-05-02,Heating Oil,2.4413784
2025-05-03,Heating Oil,2.4413784
2025-05-04,Heating Oil,2.4413784
2025-05-05,Heating Oil,2.4413784
2025-05-06,Heating Oil,2.4413784
2025-05-07,Heating Oil,2.4413784
2025-05-08,Heating Oil,2.4413784
2025-05-09,Heating Oil,2.4413784
2025-05-10,Heating Oil,2.4413784
2025-05-11,Heating Oil,2.4413784
2025-05-12,Heating Oil,2.4413784
2025-05-13,Heating Oil,2.4413784
2025-05-14,Heating Oil,2.4413784
2025-05-15,Heating Oil,2.4413784
2025-05-16,Heating Oil,2.4413784
2025-05-17,Heating Oil,2.4413784
2025-05-18,Heating Oil,2.4413784
2025-05-19,Heating Oil,2.4413784
2025-05-20,Heating Oil,2.4413784
2025-05-21,Heating Oil,2.4413784
2025-05-22,Heating Oil,2.4413784
2025-05-23,Heating Oil,2.4413784
2025-05-24,Heating Oil,2.4413784
2025-05-25,Heating Oil,2.4413784
2025-05-26,Heating Oil,2.4413784
2025-05-27,Heating Oil,2.4413784
2025-05-28,Heating Oil,2.4413784
2025-05-29,Heating Oil,2.4413784
2025-05-30,Heating Oil,2.4413784
2025-05-31,Heating Oil,2.4413784
2025-06-01,Heating Oil,2.4413784
2025-06-02,Heating Oil,2.4413784
2025-06-03,Heating Oil,2.4413784
2025-06-04,Heating Oil,2.4413784
2025-06-05,Heating Oil,2.4413784
2025-06-06,Heating Oil,2.4413784
2025-06-07,Heating Oil,2.4413784
2025-06-08,Heating Oil,2.4413784
2025-06-09,Heating Oil,2.4413784
2025-06-10,Heating Oil,2.4413784
2025-06-11,Heating Oil,2.4413784
2025-06-12,Heating Oil,2.4413784
2025-06-13,Heating Oil,2.4413784
2025-06-14,Heating Oil,2.4413784
2025-06-15,Heating Oil,2.4413784
2025-06-16,Heating Oil,2.4413784
2025-06-17,Heating Oil,2.4413784
2025-06-18,Heating Oil,2.4413784
2025-06-19,Heating Oil,2.4413784
2025-06-20,Heating Oil,2.4413784
2025-06-21,Heating Oil,2.4413784
2025-06-22,Heating Oil,2.4413784
2025-06-23,Heating Oil,2.4413784
2025-06-24,Heating Oil,2.4413784
2024-06-25,Natural Gas,2.7387176
2024-06-26,Natural Gas,2.7316482
2024-06-27,Natural Gas,2.724062
2024-06-28,Natural Gas,2.7168274
2024-06-29,Natural Gas,2.7108111
2024-06-30,Natural Gas,2.706545
2024-07-01,Natural Gas,2.7040925
2024-07-02,Natural Gas,2.703176
2024-07-03,Natural Gas,2.703369
2024-07-04,Natural Gas,2.7042444
2024-07-05,Natural Gas,2.7054543
2024-07-06,Natural Gas,2.7067513
2024-07-07,Natural Gas,2.7079818
2024-07-08,Natural Gas,2.7090647
2024-07-09,Natural Gas,2.7099683
2024-07-10,Natural Gas,2.710691
2024-07-11,Natural Gas,2.7112472
2024-07-12,Natural Gas,2.711661
2024-07-13,Natural Gas,2.7119558
2024-07-14,Natural Gas,2.712156
2024-07-15,Natural Gas,2.712283
2024-07-16,Natural Gas,2.712354
2024-07-17,Natural Gas,2.7123852
2024-07-18,Natural Gas,2.712388
2024-07-19,Natural Gas,2.7123725
2024-07-20,Natural Gas,2.712346
2024-07-21,Natural Gas,2.7123137
2024-07-22,Natural Gas,2.7122793
2024-07-23,Natural Gas,2.712246
2024-07-24,Natural Gas,2.7122147
2024-07-25,Natural Gas,2.712187
2024-07-26,Natural Gas,2.7121634
2024-07-27,Natural Gas,2.7121434
2024-07-28,Natural Gas,2.7121272
2024-07-29,Natural Gas,2.7121143
2024-07-30,Natural Gas,2.712104
2024-07-31,Natural Gas,2.7120965
2024-08-01,Natural Gas,2.712091
2024-08-02,Natural Gas,2.712087
2024-08-03,Natural Gas,2.7120845
2024-08-04,Natural Gas,2.7120826
2024-08-05,Natural Gas,2.7120817
2024-08-06,Natural Gas,2.7120814
2024-08-07,Natural Gas,2.7120814
2024-08-08,Natural Gas,2.7120814
2024-08-09,Natural Gas,2.712082
2024-08-10,Natural Gas,2.7120824
2024-08-11,Natural Gas,2.7120826
2024-08-12,Natural Gas,2.712083
2024-08-13,Natural Gas,2.7120838
2024-08-14,Natural Gas,2.712084
2024-08-15,Natural Gas,2.7120845
2024-08-16,Natural Gas,2.7120848
2024-08-17,Natural Gas,2.7120848
2024-08-18,Natural Gas,2.712085
2024-08-19,Natural Gas,2.7120848
2024-08-20,Natural Gas,2.712085
2024-08-21,Natural Gas,2.712085
2024-08-22,Natural Gas,2.7120852
2024-08-23,Natural Gas,2.712085
2024-08-24,Natural Gas,2.712085
2024-08-25,Natural Gas,2.712085
2024-08-26,Natural Gas,2.7120852
2024-08-27,Natural Gas,2.7120852
2024-08-28,Natural Gas,2.7120852
2024-08-29,Natural Gas,2.7120852
2024-08-30,Natural Gas,2.712085
2024-08-31,Natural Gas,2.7120852
2024-09-01,Natural Gas,2.7120852
2024-09-02,Natural Gas,2.712085
2024-09-03,Natural Gas,2.7120852
2024-09-04,Natural Gas,2.7120852
2024-09-05,Natural Gas,2.712085
2024-09-06,Natural Gas,2.712085
2024-09-07,Natural Gas,2.712085
2024-09-08,Natural Gas,2.712085
2024-09-09,Natural Gas,2.712085
2024-09-10,Natural Gas,2.712085
2024-09-11,Natural Gas,2.712085
2024-09-12,Natural Gas,2.7120852
2024-09-13,Natural Gas,2.7120852
2024-09-14,Natural Gas,2.7120852
2024-09-15,Natural Gas,2.712085
2024-09-16,Natural Gas,2.712085
2024-09-17,Natural Gas,2.712085
2024-09-18,Natural Gas,2.712085
2024-09-19,Natural Gas,2.712085
2024-09-20,Natural Gas,2.712085
2024-09-21,Natural Gas,2.712085
2024-09-22,Natural Gas,2.7120852
2024-09-23,Natural Gas,2.712085
2024-09-24,Natural Gas,2.712085
2024-09-25,Natural Gas,2.712085
2024-09-26,Natural Gas,2.712085
2024-09-27,Natural Gas,2.7120852
2024-09-28,Natural Gas,2.7120852
2024-09-29,Natural Gas,2.7120852
2024-09-30,Natural Gas,2.7120852
2024-10-01,Natural Gas,2.7120852
2024-10-02,Natural Gas,2.7120852
2024-10-03,Natural Gas,2.712085
2024-10-04,Natural Gas,2.712085
2024-10-05,Natural Gas,2.7120852
2024-10-06,Natural Gas,2.7120852
2024-10-07,Natural Gas,2.7120852
2024-10-08,Natural Gas,2.712085
2024-10-09,Natural Gas,2.712085
2024-10-10,Natural Gas,2.712085
2024-10-11,Natural Gas,2.712085
2024-10-12,Natural Gas,2.712085
2024-10-13,Natural Gas,2.712085
2024-10-14,Natural Gas,2.712085
2024-10-15,Natural Gas,2.712085
2024-10-16,Natural Gas,2.712085
2024-10-17,Natural Gas,2.7120852
2024-10-18,Natural Gas,2.7120852
2024-10-19,Natural Gas,2.7120852
2024-10-20,Natural Gas,2.712085
2024-10-21,Natural Gas,2.712085
2024-10-22,Natural Gas,2.7120852
2024-10-23,Natural Gas,2.7120852
2024-10-24,Natural Gas,2.7120852
2024-10-25,Natural Gas,2.7120852
2024-10-26,Natural Gas,2.7120852
2024-10-27,Natural Gas,2.7120852
2024-10-28,Natural Gas,2.7120852
2024-10-29,Natural Gas,2.7120852
2024-10-30,Natural Gas,2.712085
2024-10-31,Natural Gas,2.7120852
2024-11-01,Natural Gas,2.7120852
2024-11-02,Natural Gas,2.7120852
2024-11-03,Natural Gas,2.7120852
2024-11-04,Natural Gas,2.7120855
2024-11-05,Natural Gas,2.7120852
2024-11-06,Natural Gas,2.7120852
2024-11-07,Natural Gas,2.7120852
2024-11-08,Natural Gas,2.7120852
2024-11-09,Natural Gas,2.7120852
2024-11-10,Natural Gas,2.7120852
2024-11-11,Natural Gas,2.7120852
2024-11-12,Natural Gas,2.7120852
2024-11-13,Natural Gas,2.7120852
2024-11-14,Natural Gas,2.712085
2024-11-15,Natural Gas,2.712085
2024-11-16,Natural Gas,2.7120852
2024-11-17,Natural Gas,2.7120852
2024-11-18,Natural Gas,2.712085
2024-11-19,Natural Gas,2.712085
2024-11-20,Natural Gas,2.712085
2024-11-21,Natural Gas,2.712085
2024-11-22,Natural Gas,2.712085
2024-11-23,Natural Gas,2.712085
2024-11-24,Natural Gas,2.7120852
2024-11-25,Natural Gas,2.712085
2024-11-26,Natural Gas,2.712085
2024-11-27,Natural Gas,2.7120852
2024-11-28,Natural Gas,2.712085
2024-11-29,Natural Gas,2.7120852
2024-11-30,Natural Gas,2.712085
2024-12-01,Natural Gas,2.7120852
2024-12-02,Natural Gas,2.712085
2024-12-03,Natural Gas,2.712085
2024-12-04,Natural Gas,2.712085
2024-12-05,Natural Gas,2.712085
2024-12-06,Natural Gas,2.712085
2024-12-07,Natural Gas,2.712085
2024-12-08,Natural Gas,2.712085
2024-12-09,Natural Gas,2.712085
2024-12-10,Natural Gas,2.712085
2024-12-11,Natural Gas,2.712085
2024-12-12,Natural Gas,2.712085
2024-12-13,Natural Gas,2.712085
2024-12-14,Natural Gas,2.712085
2024-12-15,Natural Gas,2.712085
2024-12-16,Natural Gas,2.712085
2024-12-17,Natural Gas,2.712085
2024-12-18,Natural Gas,2.7120852
2024-12-19,Natural Gas,2.7120852
2024-12-20,Natural Gas,2.712085
2024-12-21,Natural Gas,2.712085
2024-12-22,Natural Gas,2.712085
2024-12-23,Natural Gas,2.712085
2024-12-24,Natural Gas,2.712085
2024-12-25,Natural Gas,2.712085
2024-12-26,Natural Gas,2.7120852
2024-12-27,Natural Gas,2.7120852
2024-12-28,Natural Gas,2.7120852
2024-12-29,Natural Gas,2.7120852
2024-12-30,Natural Gas,2.7120852
2024-12-31,Natural Gas,2.7120852
2025-01-01,Natural Gas,2.7120852
2025-01-02,Natural Gas,2.7120852
2025-01-03,Natural Gas,2.7120852
2025-01-04,Natural Gas,2.7120852
2025-01-05,Natural Gas,2.7120852
2025-01-06,Natural Gas,2.712085
2025-01-07,Natural Gas,2.712085
2025-01-08,Natural Gas,2.712085
2025-01-09,Natural Gas,2.712085
2025-01-10,Natural Gas,2.712085
2025-01-11,Natural Gas,2.712085
2025-01-12,Natural Gas,2.712085
2025-01-13,Natural Gas,2.712085
2025-01-14,Natural Gas,2.712085
2025-01-15,Natural Gas,2.712085
2025-01-16,Natural Gas,2.712085
2025-01-17,Natural Gas,2.712085
2025-01-18,Natural Gas,2.712085
2025-01-19,Natural Gas,2.7120852
2025-01-20,Natural Gas,2.7120852
2025-01-21,Natural Gas,2.7120852
2025-01-22,Natural Gas,2.7120855
2025-01-23,Natural Gas,2.7120852
2025-01-24,Natural Gas,2.7120852
2025-01-25,Natural Gas,2.7120852
2025-01-26,Natural Gas,2.7120852
2025-01-27,Natural Gas,2.7120852
2025-01-28,Natural Gas,2.712085
2025-01-29,Natural Gas,2.712085
2025-01-30,Natural Gas,2.712085
2025-01-31,Natural Gas,2.7120852
2025-02-01,Natural Gas,2.7120852
2025-02-02,Natural Gas,2.7120852
2025-02-03,Natural Gas,2.712085
2025-02-04,Natural Gas,2.7120852
2025-02-05,Natural Gas,2.7120852
2025-02-06,Natural Gas,2.7120852
2025-02-07,Natural Gas,2.7120852
2025-02-08,Natural Gas,2.7120852
2025-02-09,Natural Gas,2.7120852
2025-02-10,Natural Gas,2.712085
2025-02-11,Natural Gas,2.712085
2025-02-12,Natural Gas,2.712085
2025-02-13,Natural Gas,2.7120852
2025-02-14,Natural Gas,2.7120852
2025-02-15,Natural Gas,2.7120852
2025-02-16,Natural Gas,2.712085
2025-02-17,Natural Gas,2.712085
2025-02-18,Natural Gas,2.712085
2025-02-19,Natural Gas,2.7120852
2025-02-20,Natural Gas,2.712085
2025-02-21,Natural Gas,2.712085
2025-02-22,Natural Gas,2.712085
2025-02-23,Natural Gas,2.7120852
2025-02-24,Natural Gas,2.7120852
2025-02-25,Natural Gas,2.7120852
2025-02-26,Natural Gas,2.712085
2025-02-27,Natural Gas,2.7120852
2025-02-28,Natural Gas,2.7120852
2025-03-01,Natural Gas,2.7120852
2025-03-02,Natural Gas,2.7120852
2025-03-03,Natural Gas,2.7120852
2025-03-04,Natural Gas,2.7120852
2025-03-05,Natural Gas,2.7120855
2025-03-06,Natural Gas,2.7120855
2025-03-07,Natural Gas,2.7120852
2025-03-08,Natural Gas,2.712085
2025-03-09,Natural Gas,2.712085
2025-03-10,Natural Gas,2.712085
2025-03-11,Natural Gas,2.712085
2025-03-12,Natural Gas,2.712085
2025-03-13,Natural Gas,2.712085
2025-03-14,Natural Gas,2.7120852
2025-03-15,Natural Gas,2.712085
2025-03-16,Natural Gas,2.7120852
2025-03-17,Natural Gas,2.7120852
2025-03-18,Natural Gas,2.7120852
2025-03-19,Natural Gas,2.712085
2025-03-20,Natural Gas,2.7120852
2025-03-21,Natural Gas,2.7120852
2025-03-22,Natural Gas,2.7120852
2025-03-23,Natural Gas,2.712085
2025-03-24,Natural Gas,2.7120852
2025-03-25,Natural Gas,2.7120852
2025-03-26,Natural Gas,2.712085
2025-03-27,Natural Gas,2.7120852
2025-03-28,Natural Gas,2.7120852
2025-03-29,Natural Gas,2.7120852
2025-03-30,Natural Gas,2.7120852
2025-03-31,Natural Gas,2.7120852
2025-04-01,Natural Gas,2.712085
2025-04-02,Natural Gas,2.7120852
2025-04-03,Natural Gas,2.712085
2025-04-04,Natural Gas,2.7120852
2025-04-05,Natural Gas,2.712085
2025-04-06,Natural Gas,2.7120852
2025-04-07,Natural Gas,2.7120852
2025-04-08,Natural Gas,2.7120852
2025-04-09,Natural Gas,2.7120852
2025-04-10,Natural Gas,2.7120852
2025-04-11,Natural Gas,2.712085
2025-04-12,Natural Gas,2.7120852
2025-04-13,Natural Gas,2.712085
2025-04-14,Natural Gas,2.7120852
2025-04-15,Natural Gas,2.7120852
2025-04-16,Natural Gas,2.712085
2025-04-17,Natural Gas,2.712085
2025-04-18,Natural Gas,2.712085
2025-04-19,Natural Gas,2.712085
2025-04-20,Natural Gas,2.712085
2025-04-21,Natural Gas,2.7120852
2025-04-22,Natural Gas,2.712085
2025-04-23,Natural Gas,2.712085
2025-04-24,Natural Gas,2.712085
2025-04-25,Natural Gas,2.712085
2025-04-26,Natural Gas,2.712085
2025-04-27,Natural Gas,2.712085
2025-04-28,Natural Gas,2.7120852
2025-04-29,Natural Gas,2.7120852
2025-04-30,Natural Gas,2.7120852
2025-05-01,Natural Gas,2.7120852
2025-05-02,Natural Gas,2.7120852
2025-05-03,Natural Gas,2.7120852
2025-05-04,Natural Gas,2.712085
2025-05-05,Natural Gas,2.712085
2025-05-06,Natural Gas,2.712085
2025-05-07,Natural Gas,2.712085
2025-05-08,Natural Gas,2.7120852
2025-05-09,Natural Gas,2.7120852
2025-05-10,Natural Gas,2.712085
2025-05-11,Natural Gas,2.712085
2025-05-12,Natural Gas,2.712085
2025-05-13,Natural Gas,2.712085
2025-05-14,Natural Gas,2.712085
2025-05-15,Natural Gas,2.712085
2025-05-16,Natural Gas,2.712085
2025-05-17,Natural Gas,2.712085
2025-05-18,Natural Gas,2.712085
2025-05-19,Natural Gas,2.712085
2025-05-20,Natural Gas,2.712085
2025-05-21,Natural Gas,2.712085
2025-05-22,Natural Gas,2.7120852
2025-05-23,Natural Gas,2.7120852
2025-05-24,Natural Gas,2.712085
2025-05-25,Natural Gas,2.7120852
2025-05-26,Natural Gas,2.7120852
2025-05-27,Natural Gas,2.7120852
2025-05-28,Natural Gas,2.7120852
2025-05-29,Natural Gas,2.712085
2025-05-30,Natural Gas,2.712085
2025-05-31,Natural Gas,2.712085
2025-06-01,Natural Gas,2.7120852
2025-06-02,Natural Gas,2.7120852
2025-06-03,Natural Gas,2.7120852
2025-06-04,Natural Gas,2.7120852
2025-06-05,Natural Gas,2.712085
2025-06-06,Natural Gas,2.712085
2025-06-07,Natural Gas,2.712085
2025-06-08,Natural Gas,2.7120852
2025-06-09,Natural Gas,2.712085
2025-06-10,Natural Gas,2.712085
2025-06-11,Natural Gas,2.7120852
2025-06-12,Natural Gas,2.7120852
2025-06-13,Natural Gas,2.7120852
2025-06-14,Natural Gas,2.7120852
2025-06-15,Natural Gas,2.7120852
2025-06-16,Natural Gas,2.7120852
2025-06-17,Natural Gas,2.7120852
2025-06-18,Natural Gas,2.712085
2025-06-19,Natural Gas,2.712085
2025-06-20,Natural Gas,2.712085
2025-06-21,Natural Gas,2.712085
2025-06-22,Natural Gas,2.712085
2025-06-23,Natural Gas,2.712085
2025-06-24,Natural Gas,2.712085
2024-06-25,RBOB Gasoline,2.5200875
2024-06-26,RBOB Gasoline,2.5232275
2024-06-27,RBOB Gasoline,2.52565
2024-06-28,RBOB Gasoline,2.5279026
2024-06-29,RBOB Gasoline,2.5300596
2024-06-30,RBOB Gasoline,2.531929
2024-07-01,RBOB Gasoline,2.533446
2024-07-02,RBOB Gasoline,2.534582
2024-07-03,RBOB Gasoline,2.5353432
2024-07-04,RBOB Gasoline,2.5357614
2024-07-05,RBOB Gasoline,2.535886
2024-07-06,RBOB Gasoline,2.535773
2024-07-07,RBOB Gasoline,2.5354788
2024-07-08,RBOB Gasoline,2.5350564
2024-07-09,RBOB Gasoline,2.5345511
2024-07-10,RBOB Gasoline,2.5340025
2024-07-11,RBOB Gasoline,2.53344
2024-07-12,RBOB Gasoline,2.5328884
2024-07-13,RBOB Gasoline,2.5323641
2024-07-14,RBOB Gasoline,2.5318792
2024-07-15,RBOB Gasoline,2.5314407
2024-07-16,RBOB Gasoline,2.5310526
2024-07-17,RBOB Gasoline,2.5307152
2024-07-18,RBOB Gasoline,2.5304277
2024-07-19,RBOB Gasoline,2.5301874
2024-07-20,RBOB Gasoline,2.5299907
2024-07-21,RBOB Gasoline,2.5298338
2024-07-22,RBOB Gasoline,2.529712
2024-07-23,RBOB Gasoline,2.5296206
2024-07-24,RBOB Gasoline,2.5295548
2024-07-25,RBOB Gasoline,2.5295112
2024-07-26,RBOB Gasoline,2.5294855
2024-07-27,RBOB Gasoline,2.5294738
2024-07-28,RBOB Gasoline,2.5294726
2024-07-29,RBOB Gasoline,2.5294805
2024-07-30,RBOB Gasoline,2.529494
2024-07-31,RBOB Gasoline,2.5295117
2024-08-01,RBOB Gasoline,2.5295315
2024-08-02,RBOB Gasoline,2.5295527
2024-08-03,RBOB Gasoline,2.5295737
2024-08-04,RBOB Gasoline,2.5295942
2024-08-05,RBOB Gasoline,2.5296133
2024-08-06,RBOB Gasoline,2.5296307
2024-08-07,RBOB Gasoline,2.5296469
2024-08-08,RBOB Gasoline,2.5296605
2024-08-09,RBOB Gasoline,2.5296724
2024-08-10,RBOB Gasoline,2.5296824
2024-08-11,RBOB Gasoline,2.5296903
2024-08-12,RBOB Gasoline,2.529697
2024-08-13,RBOB Gasoline,2.5297022
2024-08-14,RBOB Gasoline,2.529706
2024-08-15,RBOB Gasoline,2.529709
2024-08-16,RBOB Gasoline,2.5297108
2024-08-17,RBOB Gasoline,2.5297122
2024-08-18,RBOB Gasoline,2.5297132
2024-08-19,RBOB Gasoline,2.5297134
2024-08-20,RBOB Gasoline,2.5297132
2024-08-21,RBOB Gasoline,2.5297127
2024-08-22,RBOB Gasoline,2.5297124
2024-08-23,RBOB Gasoline,2.5297117
2024-08-24,RBOB Gasoline,2.529711
2024-08-25,RBOB Gasoline,2.5297103
2024-08-26,RBOB Gasoline,2.5297096
2024-08-27,RBOB Gasoline,2.529709
2024-08-28,RBOB Gasoline,2.5297086
2024-08-29,RBOB Gasoline,2.529708
2024-08-30,RBOB Gasoline,2.5297074
2024-08-31,RBOB Gasoline,2.5297072
2024-09-01,RBOB Gasoline,2.529707
2024-09-02,RBOB Gasoline,2.5297065
2024-09-03,RBOB Gasoline,2.5297065
2024-09-04,RBOB Gasoline,2.5297062
2024-09-05,RBOB Gasoline,2.529706
2024-09-06,RBOB Gasoline,2.5297058
2024-09-07,RBOB Gasoline,2.5297058
2024-09-08,RBOB Gasoline,2.5297058
2024-09-09,RBOB Gasoline,2.5297058
2024-09-10,RBOB Gasoline,2.5297058
2024-09-11,RBOB Gasoline,2.5297055
2024-09-12,RBOB Gasoline,2.5297055
2024-09-13,RBOB Gasoline,2.5297055
2024-09-14,RBOB Gasoline,2.5297055
2024-09-15,RBOB Gasoline,2.5297055
2024-09-16,RBOB Gasoline,2.5297055
2024-09-17,RBOB Gasoline,2.5297055
2024-09-18,RBOB Gasoline,2.5297055
2024-09-19,RBOB Gasoline,2.5297055
2024-09-20,RBOB Gasoline,2.5297055
2024-09-21,RBOB Gasoline,2.5297055
2024-09-22,RBOB Gasoline,2.5297055
2024-09-23,RBOB Gasoline,2.5297055
2024-09-24,RBOB Gasoline,2.5297055
2024-09-25,RBOB Gasoline,2.5297055
2024-09-26,RBOB Gasoline,2.5297055
2024-09-27,RBOB Gasoline,2.5297055
2024-09-28,RBOB Gasoline,2.5297055
2024-09-29,RBOB Gasoline,2.5297055
2024-09-30,RBOB Gasoline,2.5297055
2024-10-01,RBOB Gasoline,2.5297055
2024-10-02,RBOB Gasoline,2.5297055
2024-10-03,RBOB Gasoline,2.5297055
2024-10-04,RBOB Gasoline,2.5297055
2024-10-05,RBOB Gasoline,2.5297055
2024-10-06,RBOB Gasoline,2.5297055
2024-10-07,RBOB Gasoline,2.5297055
2024-10-08,RBOB Gasoline,2.5297055
2024-10-09,RBOB Gasoline,2.5297055
2024-10-10,RBOB Gasoline,2.5297055
2024-10-11,RBOB Gasoline,2.5297055
2024-10-12,RBOB Gasoline,2.5297055
2024-10-13,RBOB Gasoline,2.5297055
2024-10-14,RBOB Gasoline,2.5297055
2024-10-15,RBOB Gasoline,2.5297055
2024-10-16,RBOB Gasoline,2.5297055
2024-10-17,RBOB Gasoline,2.5297055
2024-10-18,RBOB Gasoline,2.5297055
2024-10-19,RBOB Gasoline,2.5297055
2024-10-20,RBOB Gasoline,2.5297055
2024-10-21,RBOB Gasoline,2.5297055
2024-10-22,RBOB Gasoline,2.5297055
2024-10-23,RBOB Gasoline,2.5297055
2024-10-24,RBOB Gasoline,2.5297055
2024-10-25,RBOB Gasoline,2.5297055
2024-10-26,RBOB Gasoline,2.5297055
2024-10-27,RBOB Gasoline,2.5297055
2024-10-28,RBOB Gasoline,2.5297055
2024-10-29,RBOB Gasoline,2.5297055
2024-10-30,RBOB Gasoline,2.5297055
2024-10-31,RBOB Gasoline,2.5297055
2024-11-01,RBOB Gasoline,2.5297055
2024-11-02,RBOB Gasoline,2.5297055
2024-11-03,RBOB Gasoline,2.5297055
2024-11-04,RBOB Gasoline,2.5297055
2024-11-05,RBOB Gasoline,2.5297055
2024-11-06,RBOB Gasoline,2.5297055
2024-11-07,RBOB Gasoline,2.5297055
2024-11-08,RBOB Gasoline,2.5297055
2024-11-09,RBOB Gasoline,2.5297055
2024-11-10,RBOB Gasoline,2.5297055
2024-11-11,RBOB Gasoline,2.5297055
2024-11-12,RBOB Gasoline,2.5297055
2024-11-13,RBOB Gasoline,2.5297055
2024-11-14,RBOB Gasoline,2.5297055
2024-11-15,RBOB Gasoline,2.5297055
2024-11-16,RBOB Gasoline,2.5297055
2024-11-17,RBOB Gasoline,2.5297055
2024-11-18,RBOB Gasoline,2.5297055
2024-11-19,RBOB Gasoline,2.5297055
2024-11-20,RBOB Gasoline,2.5297055
2024-11-21,RBOB Gasoline,2.5297055
2024-11-22,RBOB Gasoline,2.5297055
2024-11-23,RBOB Gasoline,2.5297055
2024-11-24,RBOB Gasoline,2.5297055
2024-11-25,RBOB Gasoline,2.5297055
2024-11-26,RBOB Gasoline,2.5297055
2024-11-27,RBOB Gasoline,2.5297055
2024-11-28,RBOB Gasoline,2.5297055
2024-11-29,RBOB Gasoline,2.5297055
2024-11-30,RBOB Gasoline,2.5297055
2024-12-01,RBOB Gasoline,2.5297055
2024-12-02,RBOB Gasoline,2.5297055
2024-12-03,RBOB Gasoline,2.5297055
2024-12-04,RBOB Gasoline,2.5297055
2024-12-05,RBOB Gasoline,2.5297055
2024-12-06,RBOB Gasoline,2.5297055
2024-12-07,RBOB Gasoline,2.5297055
2024-12-08,RBOB Gasoline,2.5297055
2024-12-09,RBOB Gasoline,2.5297055
2024-12-10,RBOB Gasoline,2.5297055
2024-12-11,RBOB Gasoline,2.5297055
2024-12-12,RBOB Gasoline,2.5297055
2024-12-13,RBOB Gasoline,2.5297055
2024-12-14,RBOB Gasoline,2.5297055
2024-12-15,RBOB Gasoline,2.5297055
2024-12-16,RBOB Gasoline,2.5297055
2024-12-17,RBOB Gasoline,2.5297055
2024-12-18,RBOB Gasoline,2.5297055
2024-12-19,RBOB Gasoline,2.5297055
2024-12-20,RBOB Gasoline,2.5297055
2024-12-21,RBOB Gasoline,2.5297055
2024-12-22,RBOB Gasoline,2.5297055
2024-12-23,RBOB Gasoline,2.5297055
2024-12-24,RBOB Gasoline,2.5297055
2024-12-25,RBOB Gasoline,2.5297055
2024-12-26,RBOB Gasoline,2.5297055
2024-12-27,RBOB Gasoline,2.5297055
2024-12-28,RBOB Gasoline,2.5297055
2024-12-29,RBOB Gasoline,2.5297055
2024-12-30,RBOB Gasoline,2.5297055
2024-12-31,RBOB Gasoline,2.5297055
2025-01-01,RBOB Gasoline,2.5297055
2025-01-02,RBOB Gasoline,2.5297055
2025-01-03,RBOB Gasoline,2.5297055
2025-01-04,RBOB Gasoline,2.5297055
2025-01-05,RBOB Gasoline,2.5297055
2025-01-06,RBOB Gasoline,2.5297055
2025-01-07,RBOB Gasoline,2.5297055
2025-01-08,RBOB Gasoline,2.5297055
2025-01-09,RBOB Gasoline,2.5297055
2025-01-10,RBOB Gasoline,2.5297055
2025-01-11,RBOB Gasoline,2.5297055
2025-01-12,RBOB Gasoline,2.5297055
2025-01-13,RBOB Gasoline,2.5297055
2025-01-14,RBOB Gasoline,2.5297055
2025-01-15,RBOB Gasoline,2.5297055
2025-01-16,RBOB Gasoline,2.5297055
2025-01-17,RBOB Gasoline,2.5297055
2025-01-18,RBOB Gasoline,2.5297055
2025-01-19,RBOB Gasoline,2.5297055
2025-01-20,RBOB Gasoline,2.5297055
2025-01-21,RBOB Gasoline,2.5297055
2025-01-22,RBOB Gasoline,2.5297055
2025-01-23,RBOB Gasoline,2.5297055
2025-01-24,RBOB Gasoline,2.5297055
2025-01-25,RBOB Gasoline,2.5297055
2025-01-26,RBOB Gasoline,2.5297055
2025-01-27,RBOB Gasoline,2.5297055
2025-01-28,RBOB Gasoline,2.5297055
2025-01-29,RBOB Gasoline,2.5297055
2025-01-30,RBOB Gasoline,2.5297055
2025-01-31,RBOB Gasoline,2.5297055
2025-02-01,RBOB Gasoline,2.5297055
2025-02-02,RBOB Gasoline,2.5297055
2025-02-03,RBOB Gasoline,2.5297055
2025-02-04,RBOB Gasoline,2.5297055
2025-02-05,RBOB Gasoline,2.5297055
2025-02-06,RBOB Gasoline,2.5297055
2025-02-07,RBOB Gasoline,2.5297055
2025-02-08,RBOB Gasoline,2.5297055
2025-02-09,RBOB Gasoline,2.5297055
2025-02-10,RBOB Gasoline,2.5297055
2025-02-11,RBOB Gasoline,2.5297055
2025-02-12,RBOB Gasoline,2.5297055
2025-02-13,RBOB Gasoline,2.5297055
2025-02-14,RBOB Gasoline,2.5297055
2025-02-15,RBOB Gasoline,2.5297055
2025-02-16,RBOB Gasoline,2.5297055
2025-02-17,RBOB Gasoline,2.5297055
2025-02-18,RBOB Gasoline,2.5297055
2025-02-19,RBOB Gasoline,2.5297055
2025-02-20,RBOB Gasoline,2.5297055
2025-02-21,RBOB Gasoline,2.5297055
2025-02-22,RBOB Gasoline,2.5297055
2025-02-23,RBOB Gasoline,2.5297055
2025-02-24,RBOB Gasoline,2.5297055
2025-02-25,RBOB Gasoline,2.5297055
2025-02-26,RBOB Gasoline,2.5297055
2025-02-27,RBOB Gasoline,2.5297055
2025-02-28,RBOB Gasoline,2.5297055
2025-03-01,RBOB Gasoline,2.5297055
2025-03-02,RBOB Gasoline,2.5297055
2025-03-03,RBOB Gasoline,2.5297055
2025-03-04,RBOB Gasoline,2.5297055
2025-03-05,RBOB Gasoline,2.5297055
2025-03-06,RBOB Gasoline,2.5297055
2025-03-07,RBOB Gasoline,2.5297055
2025-03-08,RBOB Gasoline,2.5297055
2025-03-09,RBOB Gasoline,2.5297055
2025-03-10,RBOB Gasoline,2.5297055
2025-03-11,RBOB Gasoline,2.5297055
2025-03-12,RBOB Gasoline,2.5297055
2025-03-13,RBOB Gasoline,2.5297055
2025-03-14,RBOB Gasoline,2.5297055
2025-03-15,RBOB Gasoline,2.5297055
2025-03-16,RBOB Gasoline,2.5297055
2025-03-17,RBOB Gasoline,2.5297055
2025-03-18,RBOB Gasoline,2.5297055
2025-03-19,RBOB Gasoline,2.5297055
2025-03-20,RBOB Gasoline,2.5297055
2025-03-21,RBOB Gasoline,2.5297055
2025-03-22,RBOB Gasoline,2.5297055
2025-03-23,RBOB Gasoline,2.5297055
2025-03-24,RBOB Gasoline,2.5297055
2025-03-25,RBOB Gasoline,2.5297055
2025-03-26,RBOB Gasoline,2.5297055
2025-03-27,RBOB Gasoline,2.5297055
2025-03-28,RBOB Gasoline,2.5297055
2025-03-29,RBOB Gasoline,2.5297055
2025-03-30,RBOB Gasoline,2.5297055
2025-03-31,RBOB Gasoline,2.5297055
2025-04-01,RBOB Gasoline,2.5297055
2025-04-02,RBOB Gasoline,2.5297055
2025-04-03,RBOB Gasoline,2.5297055
2025-04-04,RBOB Gasoline,2.5297055
2025-04-05,RBOB Gasoline,2.5297055
2025-04-06,RBOB Gasoline,2.5297055
2025-04-07,RBOB Gasoline,2.5297055
2025-04-08,RBOB Gasoline,2.5297055
2025-04-09,RBOB Gasoline,2.5297055
2025-04-10,RBOB Gasoline,2.5297055
2025-04-11,RBOB Gasoline,2.5297055
2025-04-12,RBOB Gasoline,2.5297055
2025-04-13,RBOB Gasoline,2.5297055
2025-04-14,RBOB Gasoline,2.5297055
2025-04-15,RBOB Gasoline,2.5297055
2025-04-16,RBOB Gasoline,2.5297055
2025-04-17,RBOB Gasoline,2.5297055
2025-04-18,RBOB Gasoline,2.5297055
2025-04-19,RBOB Gasoline,2.5297055
2025-04-20,RBOB Gasoline,2.5297055
2025-04-21,RBOB Gasoline,2.5297055
2025-04-22,RBOB Gasoline,2.5297055
2025-04-23,RBOB Gasoline,2.5297055
2025-04-24,RBOB Gasoline,2.5297055
2025-04-25,RBOB Gasoline,2.5297055
2025-04-26,RBOB Gasoline,2.5297055
2025-04-27,RBOB Gasoline,2.5297055
2025-04-28,RBOB Gasoline,2.5297055
2025-04-29,RBOB Gasoline,2.5297055
2025-04-30,RBOB Gasoline,2.5297055
2025-05-01,RBOB Gasoline,2.5297055
2025-05-02,RBOB Gasoline,2.5297055
2025-05-03,RBOB Gasoline,2.5297055
2025-05-04,RBOB Gasoline,2.5297055
2025-05-05,RBOB Gasoline,2.5297055
2025-05-06,RBOB Gasoline,2.5297055
2025-05-07,RBOB Gasoline,2.5297055
2025-05-08,RBOB Gasoline,2.5297055
2025-05-09,RBOB Gasoline,2.5297055
2025-05-10,RBOB Gasoline,2.5297055
2025-05-11,RBOB Gasoline,2.5297055
2025-05-12,RBOB Gasoline,2.5297055
2025-05-13,RBOB Gasoline,2.5297055
2025-05-14,RBOB Gasoline,2.5297055
2025-05-15,RBOB Gasoline,2.5297055
2025-05-16,RBOB Gasoline,2.5297055
2025-05-17,RBOB Gasoline,2.5297055
2025-05-18,RBOB Gasoline,2.5297055
2025-05-19,RBOB Gasoline,2.5297055
2025-05-20,RBOB Gasoline,2.5297055
2025-05-21,RBOB Gasoline,2.5297055
2025-05-22,RBOB Gasoline,2.5297055
2025-05-23,RBOB Gasoline,2.5297055
2025-05-24,RBOB Gasoline,2.5297055
2025-05-25,RBOB Gasoline,2.5297055
2025-05-26,RBOB Gasoline,2.5297055
2025-05-27,RBOB Gasoline,2.5297055
2025-05-28,RBOB Gasoline,2.5297055
2025-05-29,RBOB Gasoline,2.5297055
2025-05-30,RBOB Gasoline,2.5297055
2025-05-31,RBOB Gasoline,2.5297055
2025-06-01,RBOB Gasoline,2.5297055
2025-06-02,RBOB Gasoline,2.5297055
2025-06-03,RBOB Gasoline,2.5297055
2025-06-04,RBOB Gasoline,2.5297055
2025-06-05,RBOB Gasoline,2.5297055
2025-06-06,RBOB Gasoline,2.5297055
2025-06-07,RBOB Gasoline,2.5297055
2025-06-08,RBOB Gasoline,2.5297055
2025-06-09,RBOB Gasoline,2.5297055
2025-06-10,RBOB Gasoline,2.5297055
2025-06-11,RBOB Gasoline,2.5297055
2025-06-12,RBOB Gasoline,2.5297055
2025-06-13,RBOB Gasoline,2.5297055
2025-06-14,RBOB Gasoline,2.5297055
2025-06-15,RBOB Gasoline,2.5297055
2025-06-16,RBOB Gasoline,2.5297055
2025-06-17,RBOB Gasoline,2.5297055
2025-06-18,RBOB Gasoline,2.5297055
2025-06-19,RBOB Gasoline,2.5297055
2025-06-20,RBOB Gasoline,2.5297055
2025-06-21,RBOB Gasoline,2.5297055
2025-06-22,RBOB Gasoline,2.5297055
2025-06-23,RBOB Gasoline,2.5297055
2025-06-24,RBOB Gasoline,2.5297055
