date,y_true,y_pred
2019-09-24,58.006666819254555,65.59430753602128
2019-09-25,57.473333994547524,65.53744171469634
2019-09-26,56.730000813802086,65.62703061847027
2019-09-27,56.27000045776367,65.48583295591995
2019-09-30,55.46333312988281,64.90083356723609
2019-10-01,54.53333282470703,64.90752294653842
2019-10-02,53.44333267211914,65.56959022713986
2019-10-03,52.903333028157554,65.62692393898247
2019-10-04,52.63333384195963,65.58019795221216
2019-10-07,52.67000071207682,65.67794650192039
2019-10-08,52.730000813802086,65.54248584266519
2019-10-09,52.65666707356771,64.96040697397578
2019-10-10,52.923333485921226,64.96686634845314
2019-10-11,53.61333338419596,65.62528859564709
2019-10-14,53.9466667175293,65.67537529749552
2019-10-15,53.70000076293945,65.61769699958538
2019-10-16,53.253334045410156,65.70077217403893
2019-10-17,53.36666742960612,65.54699055909637
2019-10-18,53.68999989827474,64.9431052526286
2019-10-21,53.673333485921226,64.9245204689751
2019-10-22,53.75,65.55498905232211
2019-10-23,54.480000813802086,65.57461390349663
2019-10-24,55.45333353678385,65.48443068376251
2019-10-25,56.28666687011719,65.53347574435374
2019-10-28,56.233333587646484,65.3446969875019
2019-10-29,56.003334045410156,64.70543235717668
2019-10-30,55.470001220703125,64.6516832218092
2019-10-31,54.92666753133138,65.2477971175188
2019-11-01,55.14666748046875,65.2344543964945
2019-11-04,55.640000661214195,65.11323653380462
2019-11-05,56.65666707356771,65.13368042258712
2019-11-06,56.70666631062826,64.91917672569306
2019-11-07,56.90999984741211,64.25743731562802
2019-11-08,56.913333892822266,64.18475936091868
2019-11-11,57.083334604899086,64.76570077740958
2019-11-12,56.96666717529297,64.7410617864845
2019-11-13,56.926666259765625,64.61245047266053
2019-11-14,56.89666620890299,64.62933674785337
2019-11-15,57.20333353678385,64.41495280354768
2019-11-18,57.18000030517578,63.75676503147023
2019-11-19,56.65999984741211,63.69074485643817
2019-11-20,56.45666631062826,64.28105302539468
2019-11-21,56.96666717529297,64.2680318646848
2019-11-22,57.820000966389976,64.15278311892517
2019-11-25,58.12000020345052,64.18423545791818
2019-11-26,58.063332875569664,63.98505937899427
2019-11-27,58.176666259765625,63.34215410795378
2019-11-29,57.22999954223633,63.2909335514491
2019-12-02,56.41333262125651,63.895025451033504
2019-12-03,55.74333190917969,63.8942778646906
2019-12-04,56.82999928792318,63.78935022079948
2019-12-05,57.653333028157554,63.828792690113175
2019-12-06,58.686667124430336,63.634971298814634
2019-12-09,58.88333384195963,62.99456312588073
2019-12-10,59.153334299723305,62.94284842881251
2019-12-11,59.006666819254555,63.543413695482975
2019-12-12,59.06000010172526,63.536159655539464
2019-12-13,59.336666107177734,63.421891466006095
2019-12-16,59.81999969482422,63.44939484884116
2019-12-17,60.40666580200195,63.24135569679615
2019-12-18,60.69333267211914,62.584847642265636
2019-12-19,61.03000005086263,62.51561463822586
2019-12-20,60.86333338419596,63.09776280181761
2019-12-23,60.72666676839193,63.07175584728445
2019-12-24,60.68999989827474,62.93899164861914
2019-12-26,61.10333379109701,62.94886405872027
2019-12-27,61.503334045410156,62.724667864386184
2019-12-30,61.6933339436849,62.05407173896129
2019-12-31,61.48666763305664,61.97338660326117
2020-01-02,61.30666732788086,62.5472439918417
2020-01-03,61.76333363850912,62.516579073834976
2020-01-06,62.5,62.38319615918216
2020-01-07,63.006666819254555,62.396821068282726
2020-01-08,61.86000061035156,62.18099845049632
2020-01-09,60.62333424886068,61.523559069611906
2020-01-10,59.403334299723305,61.46088457034173
2020-01-13,58.89333470662435,62.05758437166483
2020-01-14,58.45000076293945,62.054479330401726
2020-01-15,58.040000915527344,61.953169946582214
2020-01-16,58.186667124430336,62.00309337892322
2020-01-17,58.290000915527344,61.8274271997906
2020-01-21,58.46666717529297,61.213564710724356
2020-01-22,57.87333424886068,61.197389100928056
2020-01-23,56.890000661214195,61.842960835509665
2020-01-24,55.506666819254555,61.89051263814071
2020-01-27,54.3066660563151,61.841029549473305
2020-01-28,53.60333251953125,61.94331803617984
2020-01-29,53.31666692097982,61.81992179129632
2020-01-30,52.983333587646484,61.25760877088246
2020-01-31,52.34333419799805,61.29165649298366
2020-02-03,51.27000045776367,61.985549755398
2020-02-04,50.42666753133138,62.07898493794961
2020-02-05,50.15666707356771,62.072458207562605
2020-02-06,50.436667124430336,62.21434147662202
2020-02-07,50.673333485921226,62.126803671697395
2020-02-10,50.28000005086263,61.59630181517093
2020-02-11,49.94333267211914,61.65786894375526
2020-02-12,50.22666549682617,62.374813056853455
2020-02-13,50.84333165486654,62.48672133238543
2020-02-14,51.54666519165039,62.49404703146864
2020-02-18,51.83999888102213,62.645183072033504
2020-02-19,52.46333312988281,62.56237997869952
2020-02-20,53.039999643961586,62.032232876459844
2020-02-21,53.483333587646484,62.0899647254922
2020-02-24,52.86333338419596,62.799120165461325
2020-02-25,51.570000966389976,62.89956437806396
2020-02-26,50.02000045776367,62.892064550473364
2020-02-27,48.573333740234375,63.02535806572328
2020-02-28,46.859999338785805,62.92206525364409
2020-03-02,46.199999491373696,62.36917147283318
2020-03-03,46.22999954223633,62.40230579800759
2020-03-04,46.903333028157554,63.08543073050066
2020-03-05,46.62000020345052,63.158837362260165
2020-03-06,44.653333028157554,63.12372357015589
2020-03-09,39.43666648864747,63.22925933531926
2020-03-10,35.589999516805015,63.0984969669477
2020-03-11,32.8233331044515,62.518850927698935
2020-03-12,32.9466667175293,62.52637444681605
2020-03-13,32.06999969482422,63.185447240779986
2020-03-16,30.643333435058594,63.23676866935539
2020-03-17,29.126667022705078,63.181933802550304
2020-03-18,25.34000078837077,63.27049639863483
2020-03-19,24.18000030517578,63.12587649022283
2020-03-20,22.673333485921223,62.53583721018506
2020-03-23,23.670000076293945,62.53675799966071
2020-03-24,23.266667048136394,63.19331849914794
2020-03-25,23.953333536783855,63.246487459429495
2020-03-26,23.700000127156574,63.198094186172085
2020-03-27,22.866666793823242,63.29788658642817
2020-03-30,21.400000254313152,63.16943361143296
2020-03-31,20.69333330790202,62.60059685214703
2020-04-01,20.293333053588867,62.62779857893939
2020-04-02,22.03666623433431,63.31570069572738
2020-04-03,24.656666437784832,63.40518913012562
2020-04-06,26.579999923706055,63.39794136750208
2020-04-07,26.016666412353516,63.54348139437783
2020-04-08,24.933333079020183,63.46508003866835
2020-04-09,23.826666514078777,62.950225645272134
2020-04-13,23.420000076293945,63.03489254218028
2020-04-14,21.760000228881836,63.78322190601385
2020-04-15,20.796667098999023,63.935509655555315
2020-04-16,19.950000762939453,63.99277915087811
2020-04-17,19.33666737874349,64.20384299112692
2020-04-20,0.1700000762939453,64.19121188026885
2020-04-21,-3.116666793823241,63.7415754329584
2020-04-22,-4.6133337020874015,63.890082260057625
2020-04-23,13.429999987284342,64.70003377828235
2020-04-24,15.740000089009603,64.9108861612228
2020-04-27,15.40666675567627,65.02283795453401
2020-04-28,14.020000139872232,65.28390735499111
2020-04-29,13.393333435058594,65.3158567969929
2020-04-30,15.413333574930826,64.90468936800553
2020-05-01,17.89333375295003,65.08494402532902
2020-05-04,19.67000007629395,65.91940368439154
2020-05-05,21.576666514078777,66.1471102240664
2020-05-06,22.979999542236328,66.26796357295952
2020-05-07,24.03333282470703,66.52980854035681
2020-05-08,24.093332926432293,66.55436673227261
2020-05-11,24.143332799275722,66.12773781301749
2020-05-12,24.886666615804042,66.28469687423598
2020-05-13,25.0700003306071,67.08840182908958
2020-05-14,26.21000035603841,67.27840478850165
2020-05-15,27.426666895548504,67.35524456334687
2020-05-18,29.60333315531413,67.56752400725368
2020-05-19,31.25,67.53782966368433
2020-05-20,32.60333379109701,67.05321817200505
2020-05-21,33.3033332824707,67.14949645705171
2020-05-22,33.5533332824707,67.89090994591197
2020-05-26,33.83999888102213,68.01813315182005
2020-05-27,33.46999994913737,68.03284020064419
2020-05-28,33.62333297729492,68.18475948538537
2020-05-29,34.003334045410156,68.09757041105824
2020-06-01,34.87999979654948,67.55936719969449
2020-06-02,35.913333892822266,67.60691729863154
2020-06-03,36.51333363850912,68.30532914530066
2020-06-04,37.17000071207682,68.39602411579725
2020-06-05,38.083333333333336,68.38129068550776
2020-06-08,38.38333257039388,68.51132539351981
2020-06-09,38.893332163492836,68.41011892218886
2020-06-10,38.909998575846345,67.86591254371568
2020-06-11,38.29333241780598,67.91545268423103
2020-06-12,37.3999989827474,68.62365848482985
2020-06-15,36.57333246866862,68.73159722806696
2020-06-16,37.2533327738444,68.74104561206869
2020-06-17,37.81999969482422,68.90154133091562
2020-06-18,38.393333435058594,68.83628305491052
2020-06-19,38.84999974568685,68.33260376475218
2020-06-22,39.68333307902018,68.42624481880685
2020-06-23,40.19333267211914,69.18104519679677
2020-06-24,39.61333211263021,69.33694029768623
2020-06-25,39.03333282470703,69.39454774038863
2020-06-26,38.40666707356771,69.60224406255415
2020-06-29,38.970001220703125,69.5820898314998
2020-06-30,39.153334299723305,69.12032753992106
2020-07-01,39.596666971842446,69.25167909664215
2020-07-02,39.913333892822266,70.03905681346313
2020-07-06,40.36666742960612,70.2215817635586
2020-07-07,40.63333384195963,70.29918651052195
2020-07-08,40.71666717529297,70.51970571732602
2020-07-09,40.37999979654948,70.50481183681599
2020-07-10,40.356666564941406,70.04052002493064
2020-07-13,40.08999888102213,70.16148894228358
2020-07-14,40.313332875569664,70.93073129075306
2020-07-15,40.53000005086263,71.08762799757324
2020-07-16,40.7466672261556,71.13252317325403
2020-07-17,40.846666971842446,71.31380356663004
2020-07-20,40.71666717529297,71.25382001379627
2020-07-21,41.12000020345052,70.73937539059112
2020-07-22,41.55666732788086,70.806006166526
2020-07-23,41.643333435058594,71.51767189167191
2020-07-24,41.42000071207682,71.6147470539346
2020-07-27,41.31999969482422,71.59859298464333
2020-07-28,41.31000010172526,71.71861409993124
2020-07-29,41.3033332824707,71.59815653705822
2020-07-30,40.743333180745445,71.02497424182418
2020-07-31,40.48666636149088,71.03549012179558
2020-08-03,40.3999989827474,71.69446707123292
2020-08-04,40.993333180745445,71.74298372544577
2020-08-05,41.633332570393875,71.68299297846342
2020-08-06,41.9466667175293,71.76436783493446
2020-08-07,41.78666687011719,71.61079285959067
2020-08-10,41.70333353678385,71.01022640125663
2020-08-11,41.59000015258789,70.99916124136324
2020-08-12,42.07333246866862,71.64229842260855
2020-08-13,42.173333485921226,71.68052898216324
2020-08-14,42.3066660563151,71.6155014113772
2020-08-17,42.37999979654948,71.69667912881401
2020-08-18,42.596665700276695,71.54724588210381
2020-08-19,42.903333028157554,70.95458385380589
2020-08-20,42.800000508626304,70.95455167674497
2020-08-21,42.61666742960612,71.61117663941785
2020-08-24,42.51333363850912,71.66465531309852
2020-08-25,42.769999186197914,71.61593992522774
2020-08-26,43.119998931884766,71.7138142770176
2020-08-27,43.25999959309896,71.58081665301681
2020-08-28,43.13333384195963,71.00373406315003
2020-08-31,42.87333424886068,71.01789463197012
2020-09-01,42.78000005086263,71.68687207851347
2020-09-02,42.29333241780599,71.75049624268551
2020-09-03,41.879998524983726,71.70944677471672
2020-09-04,40.88333257039388,71.81233364971787
2020-09-08,39.29999923706055,71.68162189340589
2020-09-09,38.19333267211914,71.10412487257408
2020-09-10,37.369998931884766,71.11529305095539
2020-09-11,37.56000010172526,71.77891230910357
2020-09-14,37.29666646321615,71.83510600318667
2020-09-15,37.62333297729492,71.78491815502463
2020-09-16,38.56666564941406,71.87738175930605
2020-09-17,39.8033332824707,71.73542995666186
2020-09-18,40.7466672261556,71.14637481677076
2020-09-21,40.46333440144857,71.14618103984785
2020-09-22,40.006666819254555,71.79914908838121
2020-09-23,39.61333338419596,71.84590233183691
2020-09-24,39.9466667175293,71.78795598788514
2020-09-25,40.163333892822266,71.87477221068335
2020-09-28,40.38666661580404,71.72965940353761
2020-09-29,40.04666646321615,71.14024078469052
2020-09-30,40.03666687011719,71.1427197484102
2020-10-01,39.41000111897787,71.8015567111508
2020-10-02,38.663333892822266,71.85745214398624
2020-10-05,38.33000055948893,71.81191363212668
2020-10-06,38.97999954223633,71.91431130809492
2020-10-07,39.9466667175293,71.7877796723114
2020-10-08,40.60333251953124,71.21969070999836
2020-10-09,40.57999928792318,71.24592567519922
2020-10-12,40.40666580200195,71.93056001494617
2020-10-13,40.076666514078774,72.01385587979544
2020-10-14,40.223333994547524,71.99683977663274
2020-10-15,40.733333587646484,72.12836940400715
2020-10-16,40.960000356038414,72.03104736540207
2020-10-19,40.890000661214195,71.49170634805824
2020-10-20,41.05666732788086,71.5456928230292
2020-10-21,40.77333323160807,72.25656343926283
2020-10-22,40.709999084472656,72.36408828038334
2020-10-23,40.17333221435547,72.36883829253186
2020-10-26,39.68333307902018,72.51926071177593
2020-10-27,39.326666514078774,72.43760001549786
2020-10-28,38.506666819254555,71.91038885846424
2020-10-29,37.709999084472656,71.97273596856132
2020-10-30,36.449999491373696,72.68802514104748
2020-11-02,36.256666819254555,72.7959195120915
2020-11-03,36.753334045410156,72.79694847583107
2020-11-04,37.87333424886068,72.93958116981365
2020-11-05,38.53333409627279,72.84614418545594
2020-11-06,38.36000061035156,72.3033081269018
2020-11-09,38.74000040690104,72.34637018010321
2020-11-10,39.596666971842446,73.03894703527466
2020-11-11,41.03333409627279,73.12097255809508
2020-11-12,41.31000010172526,73.09327779161754
2020-11-13,40.90000025431315,73.20465742765246
2020-11-16,40.86333338419596,73.07778060749759
2020-11-17,40.96666717529297,72.4996708620081
2020-11-18,41.53000005086263,72.50598251737188
2020-11-19,41.663333892822266,73.16068804776444
2020-11-20,41.903334299723305,73.20407087836598
2020-11-23,42.31666819254557,73.13730129651354
2020-11-24,43.37333424886068,73.2094996522089
2020-11-25,44.56000010172526,73.04364471693466
2020-11-27,45.38333257039388,72.42705198767563
2020-11-30,45.526666005452476,72.39564920955642
2020-12-01,45.13999938964844,73.01366351868985
2020-12-02,45.0566660563151,73.02161460669107
2020-12-03,45.15666580200195,72.92089144502246
2020-12-04,45.72666549682617,72.96081661852519
2020-12-07,45.88666534423828,72.76455599876239
2020-12-08,45.873331705729164,72.11959840507878
2020-12-09,45.62666575113932,72.06203239294358
2020-12-10,45.96666590372721,72.65623444798021
2020-12-11,46.289999643961586,72.64286287964215
2020-12-14,46.78000005086263,72.52343486529944
2020-12-15,47.06000010172526,72.54739063043252
2020-12-16,47.47666676839193,72.33800245829786
2020-12-17,47.93333307902018,71.68285316786498
2020-12-18,48.426666259765625,71.61811121920996
2020-12-21,48.40000025431315,72.20821677269652
2020-12-22,47.95333353678385,72.193873070554
2020-12-23,47.62666702270508,72.07662069052382
2020-12-24,47.789999643961586,72.10589877676466
2020-12-28,47.98999913533529,71.90495107732204
2020-12-29,47.949999491373696,71.26130157419719
2020-12-30,48.006666819254555,71.21102701826064
2020-12-31,48.30666732788086,71.81844084841883
2021-01-04,48.18000030517578,71.82408301068317
2021-01-05,48.68999989827474,71.72929336200205
2021-01-06,49.393333435058594,71.7832728817241
2021-01-07,50.46333440144857,71.60899061507894
2021-01-08,51.23333485921224,70.99366120265245
2021-01-11,51.77333450317383,70.97302034541369
2021-01-12,52.56666692097982,71.61101268843264
2021-01-13,52.789999643961586,71.6477866078435
2021-01-14,53.22999954223633,71.58427351915869
2021-01-15,52.9466667175293,71.6692558283679
2021-01-19,52.96999994913737,71.52528131583436
2021-01-20,52.86000061035156,70.9391486427933
2021-01-21,53.11666742960612,70.94619114003345
2021-01-22,52.880001068115234,71.60997315131569
2021-01-25,52.723333994547524,71.67029319066971
2021-01-26,52.550000508626304,71.62777129793974
2021-01-27,52.743333180745445,71.73092447909552
2021-01-28,52.59999974568685,71.60208779217484
2021-01-29,52.46333312988281,71.02790555275132
2021-02-01,52.6966667175293,71.04361962270562
2021-02-02,53.5033327738444,71.71276888584482
2021-02-03,54.666665395100914,71.77519403311459
2021-02-04,55.55999883015951,71.7316249432813
2021-02-05,56.25666554768879,71.830754488888
2021-02-08,57.016666412353516,71.6951563165346
2021-02-09,57.72666676839193,71.11177110998035
2021-02-10,58.33666737874349,71.11618838126115
2021-02-11,58.42666753133138,71.77233802048214
2021-02-12,58.7966677347819,71.82048589743071
2021-02-16,59.253334045410156,71.7618110107469
2021-02-17,60.21999994913737,71.84546825881085
2021-02-18,60.56999969482422,71.69449465409393
2021-02-19,60.300000508626304,71.096283783411
2021-02-22,60.41666793823242,71.086855866629
2021-02-23,60.800000508626304,71.73053795688989
2021-02-24,62.12666702270508,71.76794888421888
2021-02-25,62.8066660563151,71.70056673453054
2021-02-26,62.75,71.77778321359945
2021-03-01,61.88999938964844,71.62280296395738
2021-03-02,60.62999979654948,71.02311284697802
2021-03-03,60.5566660563151,71.01474870950217
2021-03-04,61.62000020345052,71.66197429651322
2021-03-05,63.73333231608073,71.70526697769219
2021-03-08,64.99000040690105,71.64588809075066
2021-03-09,65.0500005086263,71.73294220559276
2021-03-10,64.50000254313152,71.58928327595197
2021-03-11,64.82333374023438,71.00199253547929
2021-03-12,65.3566665649414,71.00665545202193
2021-03-15,65.67333221435547,71.66705215049188
2021-03-16,65.26666768391927,71.72315568209285
2021-03-17,64.93000030517578,71.67571562100893
2021-03-18,63.13333384195963,71.77333094772911
2021-03-19,62.006665547688804,71.63836982680405
2021-03-22,60.98999913533529,71.0574607728634
2021-03-23,60.24333190917969,71.06578216111217
2021-03-24,60.16333262125651,71.72676415065335
2021-03-25,59.166666666666664,71.78009708130377
2021-03-26,60.23666763305664,71.72632354179966
2021-03-29,60.36333465576172,71.81391782726867
2021-03-30,61.02666727701823,71.66521020134772
2021-03-31,60.423333485921226,71.06688031890741
2021-04-01,60.38666661580404,71.05424668646239
2021-04-05,59.753334045410156,71.6909662108496
2021-04-06,59.810001373291016,71.71703794133386
2021-04-07,59.25000127156576,71.6333883091277
2021-04-08,59.56666692097982,71.68894174725177
2021-04-09,59.563332875569664,71.50653432620908
2021-04-12,59.539999643961586,70.87339503080803
2021-04-13,59.733333587646484,70.82542186684877
2021-04-14,61.01000086466471,71.42686719406281
2021-04-15,62.26333363850912,71.41832676102429
2021-04-16,63.2466672261556,71.30131013168428
2021-04-19,63.323333740234375,71.32529677663865
2021-04-20,62.983333587646484,71.11363584892644
2021-04-21,62.38999938964843,70.45401463766076
2021-04-22,61.739999135335275,70.38272322991654
2021-04-23,61.63999938964844,70.96433008334398
2021-04-26,61.826666514078774,70.93966324738899
2021-04-27,62.32999928792318,70.81037513381807
2021-04-28,62.903333028157554,70.82599526382543
2021-04-29,63.936667124430336,70.60982910456592
2021-04-30,64.1500015258789,69.94942801775397
2021-05-03,64.36000061035156,69.88085781552734
2021-05-04,64.58666737874348,70.46838052718499
2021-05-05,65.26999918619792,70.45244395482989
2021-05-06,65.3433329264323,70.33425670196716
2021-05-07,65.07999928792317,70.36285283492835
2021-05-10,64.8433329264323,70.16100397875051
2021-05-11,65.03333282470703,69.51570352370193
2021-05-12,65.42666625976562,69.46245006517017
2021-05-13,65.06000010172527,70.06494429212258
2021-05-14,65.09000142415364,70.06309350805341
2021-05-17,65.15333302815755,69.95760107944297
2021-05-18,65.70999908447266,69.99704459775832
2021-05-19,65.03999837239583,69.80380020800634
2021-05-20,63.63333257039388,69.16453746577524
2021-05-21,62.9966672261556,69.11451157381772
2021-05-24,63.89333470662435,69.71726699116869
2021-05-25,65.23333485921223,69.71264643185454
2021-05-26,66.11000061035156,69.60138244048306
2021-05-27,66.37666575113933,69.6321752848557
2021-05-28,66.45999908447266,69.42761463521535
2021-06-01,66.96333312988281,68.77466947030233
2021-06-02,67.62333424886067,68.70897319851937
2021-06-03,68.45333353678386,69.29451817938502
2021-06-04,69.08666737874348,69.2716539037993
2021-06-07,69.22000122070312,69.14166630430516
2021-06-08,69.63333638509114,69.15384225389475
2021-06-09,69.74666849772136,68.93137706706693
2021-06-10,70.10000101725261,68.26184980371055
2021-06-11,70.3866678873698,68.18149373112223
2021-06-14,70.69333394368489,68.75487649317986
2021-06-15,71.30333455403645,68.72288459628002
2021-06-16,71.71666717529297,68.58729001260322
2021-06-17,71.77000172932942,68.59780325837237
2021-06-18,71.61000061035156,68.37797102251069
2021-06-21,72.11333465576172,67.71564336410373
2021-06-22,72.78666687011719,67.64723800313237
2021-06-23,73.26666768391927,68.23741637027653
2021-06-24,73.14666748046875,68.22706608800621
2021-06-25,73.47666931152344,68.11786769115618
2021-06-28,73.42000325520833,68.1593498986056
2021-06-29,73.31333669026692,67.9747914139944
2021-06-30,73.12000274658203,67.35169412895873
2021-07-01,73.89333597819011,67.32605506600022
2021-07-02,74.62000274658203,67.9620515031501
2021-07-06,74.586669921875,68.00003369973122
2021-07-07,73.57666778564453,67.94110275686003
2021-07-08,72.83666737874348,68.03417763622382
2021-07-09,73.23333231608073,67.90190902160522
2021-07-12,73.86666615804036,67.3311646060537
2021-07-13,74.63666534423828,67.35731286186797
2021-07-14,74.15999857584636,68.04391947361466
2021-07-15,73.3433329264323,68.13075061610205
2021-07-16,72.19666544596355,68.11836040373625
2021-07-19,69.95999908447266,68.25516636239921
2021-07-20,68.5499979654948,68.16337047407939
2021-07-21,68.04666646321614,67.62945028325002
2021-07-22,69.87666829427083,67.68844706940378
2021-07-23,71.42666880289714,68.4036652540329
2021-07-26,71.96333567301433,68.51467725101492
2021-07-27,71.87666829427083,68.52191115025015
2021-07-28,71.98333485921223,68.67372518142999
2021-07-29,72.55333455403645,68.59232663163485
2021-07-30,73.31999969482422,68.06425985138289
2021-08-02,72.94333394368489,68.12469051546573
2021-08-03,71.92333221435547,68.83710047869471
2021-08-04,69.99000040690105,68.94128761099327
2021-08-05,69.26666514078777,68.93794817447001
2021-08-06,68.5066655476888,69.07574585357091
2021-08-09,67.9499994913737,68.97722526226586
2021-08-10,67.68333435058594,68.42929469447165
2021-08-11,68.00666809082031,68.46750539310196
2021-08-12,68.87666575113933,69.15574176155754
2021-08-13,68.92666625976562,69.23421695849643
2021-08-16,68.27333323160808,69.20405146703924
2021-08-17,67.43999989827473,69.3143387504172
2021-08-18,66.44666544596355,69.18805579282757
2021-08-19,65.2466646830241,68.61254324295385
2021-08-20,63.82333246866862,68.62378236655809
2021-08-23,63.88333257039388,69.28608314705785
2021-08-24,65.16666666666667,69.34007787888292
2021-08-25,67.18000030517578,69.2872977428919
2021-08-26,67.77333323160808,69.37723637374194
2021-08-27,68.17333221435547,69.23325812121497
2021-08-30,68.4566650390625,68.64307563697736
2021-08-31,68.81666564941406,68.64302392317113
2021-09-01,68.76666514078777,69.29774513205815
2021-09-02,69.02666473388672,69.34817843622442
2021-09-03,69.28999837239583,69.29613246034668
2021-09-07,69.20999908447266,69.39134431527653
2021-09-08,68.98000081380208,69.2573829971363
2021-09-09,68.59666697184245,68.68212187307154
2021-09-10,69.05333455403645,68.70200750816133
2021-09-13,69.43666585286458,69.38173926604232
2021-09-14,70.20999908447266,69.46225416752354
2021-09-15,71.17333221435547,69.44529467957624
2021-09-16,71.8933334350586,69.58046366785193
2021-09-17,72.39666748046875,69.49112447242027
2021-09-20,71.62333424886067,68.96487102321217
2021-09-21,70.93999989827473,69.03779543512175
2021-09-22,71.02666727701823,69.77416768440554
2021-09-23,72.03000132242839,69.91442199603893
2021-09-24,73.17000325520833,69.959727730043
2021-09-27,74.2433344523112,70.15904907933273
2021-09-28,74.9066670735677,70.1350515773754
2021-09-29,75.18999989827473,69.67458032567347
2021-09-30,75.0500005086263,69.81293732686261
2021-10-01,75.24666595458984,70.61357242176342
2021-10-04,76.17666625976562,70.8160823077095
2021-10-05,77.47666676839192,70.9207952262724
2021-10-06,77.9933344523112,71.17584538862086
2021-10-07,78.22000122070312,71.20309485254539
2021-10-08,78.36000061035156,70.78862744286079
2021-10-11,79.38999938964844,70.96704175580295
2021-10-12,80.16999816894531,71.80115738188968
2021-10-13,80.53333282470703,72.03002845116396
2021-10-14,80.79666646321614,72.1535417156239
2021-10-15,81.3433329264323,72.4195028740465
2021-10-18,82.00999959309895,72.44956851057157
2021-10-19,82.56000010172527,72.02974792650659
2021-10-20,83.09000142415364,72.1947016335452
2021-10-21,83.11000061035156,73.00745041903626
2021-10-22,83.37666829427083,73.20738891960515
2021-10-25,83.34000142415364,73.2948808128686
2021-10-26,84.05666859944661,73.51833929494212
2021-10-27,83.69000244140625,73.50015024816092
2021-10-28,83.37333424886067,73.02716248364548
2021-10-29,83.01333363850911,73.13497200364228
2021-11-01,83.47666676839192,73.88761444012833
2021-11-02,83.8433354695638,74.02555991670759
2021-11-03,82.94000244140625,74.05028781298499
2021-11-04,81.19333394368489,74.21134551944169
2021-11-05,80.3133316040039,74.132249049136
2021-11-08,80.66999816894531,73.60095038369155
2021-11-09,82.4499994913737,73.65409901058062
2021-11-10,82.47333272298177,74.3567123271663
2021-11-11,82.35999806722005,74.45014967150988
2021-11-12,81.23999786376953,74.43666795324047
2021-11-15,81.08666483561198,74.56646343510126
2021-11-16,80.81000010172527,74.46355795048946
2021-11-17,80.0,73.9162547987261
2021-11-18,79.37666829427083,73.96139207471901
2021-11-19,77.82333374023438,74.66400833513637
2021-11-22,77.28666687011719,74.76531550813841
2021-11-23,77.11666615804036,74.76725708262636
2021-11-24,77.87999979654948,74.91955610349932
2021-11-26,75.01333363850911,74.84561114670848
2021-11-29,72.16333262125652,74.33296531894095
2021-11-30,68.0933329264323,74.4175757602215
2021-12-01,67.23333231608073,75.16349819790422
2021-12-02,66.08333333333333,75.31088103824052
2021-12-03,66.11000061035156,75.36054655340813
2021-12-06,67.41666666666667,75.56106316643634
2021-12-07,69.26666768391927,75.53466645065772
2021-12-08,71.3000005086263,75.06775331166335
2021-12-09,71.78333536783855,75.19517624780484
2021-12-10,71.6566670735677,75.97995166428629
2021-12-13,71.3000005086263,76.16127617683597
2021-12-14,71.23000081380208,76.23912794934165
2021-12-15,70.96333567301433,76.46135660398184
2021-12-16,71.32666778564453,76.44961891771464
2021-12-17,71.37000020345052,75.98988444141715
2021-12-20,70.49000040690105,76.11673768544335
2021-12-21,70.07000223795573,76.89309067987072
2021-12-22,70.70333607991536,77.05819976829618
2021-12-23,72.55666859944661,77.11226369372025
2021-12-27,74.04000091552734,77.30350662000676
2021-12-28,75.11333465576172,77.2541034955369
2021-12-29,76.03666687011719,76.75067217087849
2021-12-30,76.50999959309895,76.82855926517699
2021-12-31,76.25333150227864,77.55153400689011
2022-01-03,76.0933329264323,77.65978438050121
2022-01-04,76.0933329264323,77.65449315397524
2022-01-05,76.97333272298177,77.78489797661382
2022-01-06,78.0999984741211,77.67419351633549
2022-01-07,78.73666636149089,77.11000061237998
2022-01-10,78.86333465576172,77.12862998989485
2022-01-11,79.4500020345052,77.79475528754978
2022-01-12,80.69666798909505,77.8493902158955
2022-01-13,81.9933344523112,77.7944478560941
2022-01-14,82.86000061035156,77.87978666158187
2022-01-18,83.79000091552734,77.72910143392866
2022-01-19,85.40333302815755,77.13038447338359
2022-01-20,86.43000030517578,77.12018459254453
2022-01-21,86.33333333333333,77.76327880096852
2022-01-24,85.11666615804036,77.80065144947274
2022-01-25,84.68333180745442,77.73405873083264
2022-01-26,85.41999816894531,77.81308290662376
2022-01-27,86.51999918619792,77.66103426472061
2022-01-28,86.92666625976562,77.06542567516422
2022-01-31,87.19333394368489,77.06224704351466
2022-02-01,87.72333272298177,77.71565403460508
2022-02-02,88.20333353678386,77.76596538684326
2022-02-03,88.90999857584636,77.71424622417693
2022-02-04,90.27999877929688,77.8093812380729
2022-02-07,91.2999979654948,77.67399525174757
2022-02-08,90.99666595458984,77.09494556019995
2022-02-09,90.11333465576172,77.10761290114623
2022-02-10,89.63333384195964,77.77560502710467
2022-02-11,90.87999979654948,77.83876684739197
2022-02-14,92.8133316040039,77.79777425538373
2022-02-15,93.54333241780598,77.90121528798998
2022-02-16,93.73000081380208,77.77151597531125
2022-02-17,92.49666849772136,77.1954351937087
2022-02-18,92.16333516438802,77.20835537184847
2022-02-22,91.72666676839192,77.87398308793195
2022-02-23,91.83999888102214,77.93235366520362
2022-02-24,92.41999816894531,77.88441708476996
2022-02-25,92.16666412353516,77.97910912495495
2022-02-28,93.37333170572917,77.83926539794754
2022-03-01,96.9066670735677,77.25210295083441
2022-03-02,103.2433344523112,77.25349666522024
2022-03-03,107.22666676839192,77.9076648980978
2022-03-04,111.31666564941406,77.95515888403528
2022-03-07,114.25,77.8974336278813
2022-03-08,119.5933329264323,77.98390459359966
2022-03-09,117.26666514078777,77.8378482321524
2022-03-10,112.8066635131836,77.24687135396468
2022-03-11,108.01666514078777,77.24717687644686
2022-03-14,106.12000020345052,77.90324063630526
2022-03-15,102.92666880289714,77.95579397896473
2022-03-16,98.16333516438802,77.90638998791496
2022-03-17,98.15333557128906,78.00445773218296
2022-03-18,100.9066670735677,77.87320258613354
2022-03-21,106.60000101725261,77.30007757821518
2022-03-22,109.52666727701823,77.32105319293748
2022-03-23,112.9366683959961,78.00030015683302
2022-03-24,113.00999959309895,78.07817971465012
2022-03-25,113.72333272298177,78.05581901247847
2022-03-28,110.73333231608073,78.18217568773346
2022-03-29,108.03333282470703,78.07994941844282
2022-03-30,106.0066655476888,77.53606507219516
2022-03-31,104.1133321126302,77.58595455768179
2022-04-01,102.4566650390625,78.29325159202205
2022-04-04,100.94333140055339,78.39779358543954
2022-04-05,101.50333150227864,78.40020797604278
2022-04-06,100.49000040690105,78.54898685899025
2022-04-07,98.07333374023438,78.46640744128159
2022-04-08,96.84000142415364,77.93902278098196
2022-04-11,96.19333394368489,78.00194977562022
2022-04-12,97.71666717529297,78.71856852058391
2022-04-13,99.71333312988281,78.82852719350163
2022-04-14,103.93333180745442,78.83232979802872
2022-04-18,106.46999867757161,78.9784106566132
2022-04-19,105.9066645304362,78.88905327002604
2022-04-20,104.5066655476888,78.35087812624018
2022-04-21,103.03333282470703,78.39912657898815
2022-04-22,102.87000020345052,79.09735509829333
2022-04-25,101.46666717529297,79.18543424948408
2022-04-26,100.76999918619792,79.16412994687036
2022-04-27,100.75333150227864,79.28217108924764
2022-04-28,103.02666473388672,79.16216141051434
2022-04-29,104.02333323160808,78.59106033449409
2022-05-02,105.07333374023438,78.60446014560239
2022-05-03,104.09000142415364,79.2662739481549
2022-05-04,105.12999979654948,79.31672891586153
2022-05-05,106.16000111897789,79.25694249350961
2022-05-06,108.61333211263023,79.3359857420621
2022-05-09,107.03999837239583,79.17679171128812
2022-05-10,104.2066650390625,78.56663364637261
2022-05-11,102.85333251953125,78.54140032491182
2022-05-12,103.86666615804036,79.16528295133838
2022-05-13,107.44333140055339,79.17876803705185
2022-05-16,110.27333068847656,79.08321383137454
2022-05-17,112.3633321126302,79.12791437891114
2022-05-18,112.0633316040039,78.93600895805335
2022-05-19,111.39999898274739,78.2949615698488
2022-05-20,111.67666625976562,78.24083763424845
2022-05-23,111.91000111897786,78.83799218513472
2022-05-24,111.09666697184245,78.82706386602086
2022-05-25,110.12999979654948,78.70955217973872
2022-05-26,111.39666493733723,78.73488197483134
2022-05-27,113.16333262125652,78.52631285355625
2022-05-31,114.60999806722005,77.8714181266261
2022-06-01,115.0,77.80636045549834
2022-06-02,115.60000101725262,78.39557848598098
2022-06-03,117.00000254313153,78.37977881607902
2022-06-06,118.08000183105469,78.26051081952453
2022-06-07,118.92666880289714,78.28722840083539
2022-06-08,120.00666809082031,78.08319648156697
2022-06-09,121.01000213623047,77.43596697513117
2022-06-10,121.43000030517578,77.38165153590799
2022-06-13,121.03666687011719,77.98460553858155
2022-06-14,120.17666625976562,77.9854177842304
2022-06-15,118.38999938964844,77.88548360373183
2022-06-16,117.27666473388672,77.93406557302961
2022-06-17,114.15333048502605,77.75419976246941
2022-06-21,112.5999984741211,77.1331723787659
2022-06-22,108.8000005086263,77.1067941604315
2022-06-23,107.03666687011719,77.7390870278414
2022-06-24,106.02666727701823,77.77027749680217
2022-06-27,107.15333302815755,77.70137450389613
2022-06-28,109.6500015258789,77.78123580025178
2022-06-29,110.37000020345052,77.6324807430799
2022-06-30,109.10000101725261,77.04197421716093
2022-07-01,107.99000040690105,77.04510889000916
2022-07-05,104.56333414713542,77.70550011798677
2022-07-06,102.15333302815755,77.76298780621198
2022-07-07,100.25333404541016,77.71822264827759
2022-07-08,102.01666768391927,77.81974067013834
2022-07-11,103.87000020345052,77.68988367219292
2022-07-12,101.57333119710286,77.11529007048468
2022-07-13,98.74333190917969,77.13118312086826
2022-07-14,95.97333272298177,77.8010706419343
2022-07-15,96.55666605631511,77.86475036323637
2022-07-18,98.6566645304362,77.82289817979999
2022-07-19,101.46999867757161,77.92414312884054
2022-07-20,103.02666727701823,77.79098661526888
2022-07-21,100.94333394368489,77.21029036364067
2022-07-22,97.76999918619792,77.21756010331922
2022-07-25,95.91666412353516,77.87663917240167
2022-07-26,95.45999908447266,77.9277062828411
2022-07-27,96.31333414713544,77.87185488756552
2022-07-28,96.22000122070312,77.95815816602072
2022-07-29,97.43333435058595,77.80957739091882
2022-08-01,96.31000010172528,77.2134384201233
2022-08-02,95.6433334350586,77.20570360974502
2022-08-03,92.99000040690105,77.85065363883562
2022-08-04,91.20666758219402,77.88887379997746
2022-08-05,89.40333557128906,77.82182250709204
2022-08-08,89.4366683959961,77.89888633709778
2022-08-09,90.09000142415364,77.74327964956338
2022-08-10,91.06333414713542,77.14251378255554
2022-08-11,92.2566655476888,77.13266334034651
2022-08-12,92.78666432698567,77.7780442414076
2022-08-15,91.94666544596355,77.81919821203628
2022-08-16,89.3433329264323,77.75746155629105
2022-08-17,88.01666768391927,77.84202254367781
2022-08-18,88.37999979654948,77.69582542737255
2022-08-19,89.79333241780598,77.10604600367274
2022-08-22,90.5,77.10836608628102
2022-08-23,91.57999928792317,77.7666613703853
2022-08-24,92.95333353678386,77.82099713165456
2022-08-25,93.71666463216145,77.77220930978514
2022-08-26,93.48999786376953,77.86897500344969
2022-08-29,94.19666544596355,77.73373004949642
2022-08-30,93.90333302815755,77.15315824082639
2022-08-31,92.73333485921223,77.16247919355229
2022-09-01,89.26666768391927,77.8251489785797
2022-09-02,87.67666880289714,77.88086761583425
2022-09-06,86.78666687011719,77.83017065665581
2022-09-07,85.23000081380208,77.92150858865497
2022-09-08,84.12000020345052,77.77717148346446
2022-09-09,84.09000142415364,77.18378323655378
2022-09-12,86.03666687011719,77.17659225780004
2022-09-13,87.29333241780598,77.81917263374736
2022-09-14,87.8566665649414,77.85142982661141
2022-09-15,86.96333312988281,77.77418816439786
2022-09-16,86.23000081380208,77.83626394734546
2022-09-19,85.31333414713542,77.66038174172388
2022-09-20,85.09666697184245,77.03365841698081
2022-09-21,84.37333424886067,76.99188204256906
2022-09-22,83.62666575113933,77.59919996721314
2022-09-23,81.72333272298177,77.5961104837334
2022-09-26,79.64666493733723,77.48403569909506
2022-09-27,77.98333231608073,77.51237981773392
2022-09-28,79.12000020345052,77.3044307992216
2022-09-29,80.62666829427083,76.64783033304661
2022-09-30,80.95666758219402,76.57883961985355
2022-10-03,81.4499994913737,77.16201563107495
2022-10-04,83.2133305867513,77.13819256588548
2022-10-05,85.96999867757161,77.00904639901044
2022-10-06,87.57666524251302,77.0241469518569
2022-10-07,89.61666615804036,76.8068556168929
2022-10-10,90.73999786376953,76.1447937866758
2022-10-11,91.03999837239583,76.07410952226938
2022-10-12,89.24999745686848,76.65915711393028
2022-10-13,88.57666524251302,76.64048416980764
2022-10-14,87.32999928792317,76.51940398127411
2022-10-17,86.72666676839192,76.54505739442484
2022-10-18,84.62999979654948,76.34032206231369
2022-10-19,84.61000061035156,75.6922938283203
2022-10-20,84.78333536783855,75.636567436919
2022-10-21,85.52666982014973,76.2369308578411
2022-10-24,85.20333607991536,76.23336747396594
2022-10-25,84.98333485921223,76.12664348791637
2022-10-26,85.9366683959961,76.16538438559456
2022-10-27,87.4366683959961,75.9719979526422
2022-10-28,88.29666900634766,75.33316823841214
2022-10-31,87.83666737874348,75.28414734006058
2022-11-01,87.60000101725261,75.88845900971927
2022-11-02,88.3000005086263,75.88590809994997
2022-11-03,88.84666697184245,75.77717302128416
2022-11-04,90.25999959309895,75.8108849272984
2022-11-07,90.8566665649414,75.6095510616914
2022-11-08,91.10333506266277,74.96004666297956
2022-11-09,88.8433354695638,74.89790236239271
2022-11-10,87.07000223795573,75.48700120078271
2022-11-11,87.08666737874348,75.46757945866203
2022-11-14,87.10000101725261,75.34080870290002
2022-11-15,87.25,75.35586303954476
2022-11-16,86.12666575113933,75.13582931780739
2022-11-17,84.71666463216145,74.46818501933635
2022-11-18,82.43666585286458,74.38907112563857
2022-11-21,80.48333485921223,74.96297445566717
2022-11-22,80.25333404541016,74.93071403329313
2022-11-23,79.54000091552734,74.794009243325
2022-11-25,78.38999938964844,74.80253410112437
2022-11-28,77.15333302815755,74.57981568832577
2022-11-29,77.23999786376953,73.9137017604429
2022-11-30,78.66333262125652,73.84062504854886
2022-12-01,79.99000040690105,74.42527892873777
2022-12-02,80.58333587646484,74.40859914926219
2022-12-05,79.37666829427083,74.29232945020122
2022-12-06,77.05333455403645,74.3260754221112
2022-12-07,74.39666748046875,74.1332046233136
2022-12-08,72.57333374023438,73.50131787672032
2022-12-09,71.49666595458984,73.46651913484388
2022-12-12,71.88333129882812,74.09309840950176
2022-12-13,73.19333140055339,74.12152224078777
2022-12-14,75.27999877929688,74.05300929401461
2022-12-15,76.25999959309895,74.13659516108773
2022-12-16,75.8933334350586,73.99504410054162
2022-12-19,75.19666798909505,73.41533234423923
2022-12-20,75.18999989827473,73.43293006732588
2022-12-21,76.52333323160808,74.1114962346277
2022-12-22,77.28999837239583,74.19088053099375
2022-12-23,78.44666544596355,74.17170972017142
2022-12-27,78.85999806722005,74.30246229346196
2022-12-28,79.3499984741211,74.20538896092374
2022-12-29,78.96333312988281,73.667003469076
2022-12-30,79.20666758219402,73.72237073759132
2023-01-03,78.53000132242839,74.43480646510602
2023-01-04,76.67666625976562,74.54388238961602
2023-01-05,74.47999827067058,74.55001456556913
2023-01-06,73.42666371663411,74.70153857354937
2023-01-09,74.02333068847656,74.62062930338611
2023-01-10,74.5066655476888,74.09378991167105
2023-01-11,75.72000122070312,74.15613708679297
2023-01-12,76.97333526611328,74.87109693006097
2023-01-13,78.55333455403645,74.978405808342
2023-01-17,79.47666676839192,74.97869371544968
2023-01-18,79.84000142415364,75.12055423226757
2023-01-19,79.99666849772136,75.02645889328242
2023-01-20,80.37333424886067,74.4832407147544
2023-01-23,81.08666737874348,74.52637415425855
2023-01-24,81.01999918619792,75.21966592520293
2023-01-25,80.63333384195964,75.30325111193469
2023-01-26,80.43000030517578,75.27817218607015
2023-01-27,80.28000132242839,75.39344504948932
2023-01-30,79.53000132242839,75.27196991939586
2023-01-31,78.81666819254558,74.70101179181472
2023-02-01,77.72666931152344,74.71647771012515
2023-02-02,77.05333455403645,75.38260519791214
2023-02-03,75.22666676839192,75.43995622044447
2023-02-06,74.45999908447266,75.38999418162504
2023-02-07,74.87999979654948,75.48214798094897
2023-02-08,76.57333374023438,75.33972084328832
2023-02-09,77.88999938964844,74.75036855924208
2023-02-10,78.75,74.75037427349437
2023-02-13,79.30666605631511,75.40433410597892
2023-02-14,79.63999938964844,75.45314791506442
2023-02-15,79.26333109537761,75.39859267781992
2023-02-16,78.7133305867513,75.49038250672535
2023-02-17,77.8066635131836,75.35207303905543
2023-02-21,76.99666595458984,74.77153488991749
2023-02-22,75.48333231608073,74.78522338927519
2023-02-23,75.16666666666667,75.45785899909708
2023-02-24,75.21999867757161,75.53041285716223
2023-02-27,75.79666646321614,75.50467508244449
2023-02-28,76.35000101725261,75.63031003912457
2023-03-01,76.80666859944661,75.5307564857042
2023-03-02,77.63333638509114,74.99369749666053
2023-03-03,78.51000213623047,75.05532757302907
2023-03-06,79.43333435058594,75.78003152650597
2023-03-07,79.24000040690105,75.90836975744537
2023-03-08,78.23333485921223,75.9416477136578
2023-03-09,76.65333557128906,76.12897385064062
2023-03-10,76.35333506266277,76.09316410874487
2023-03-13,75.73333485921223,75.62121784388543
2023-03-14,74.27000172932942,75.74859263331888
2023-03-15,71.24666849772136,76.53889249899937
2023-03-16,69.09666697184245,76.73186407795862
2023-03-17,67.56666564941406,76.82797838640758
2023-03-20,67.57666524251302,77.0755023099996
2023-03-21,67.90333302815755,77.09641760215544
2023-03-22,69.29000091552734,76.67691205230467
2023-03-23,70.06333414713542,76.85166993513518
2023-03-24,70.04000091552734,77.68357594418191
2023-03-27,70.67666625976562,77.91172677919438
2023-03-28,71.7566655476888,78.03602766203991
2023-03-29,72.99333190917969,78.30427753933738
2023-03-30,73.51333363850911,78.33810038715096
2023-03-31,74.33666737874348,77.92344693089878
2023-04-03,76.81999969482422,78.09489357077958
2023-04-04,78.93333180745442,78.915352432885
2023-04-05,80.57999928792317,79.12408647856398
2023-04-06,80.67333221435547,79.22130676463142
2023-04-10,80.3499984741211,79.45525549127453
2023-04-11,80.6566645304362,79.44813219827734
2023-04-12,81.50999959309895,78.98658743790904
2023-04-13,82.31666819254558,79.10601080191823
2023-04-14,82.64666748046875,79.87022738175794
2023-04-17,81.83666737874348,80.01949682354893
2023-04-18,81.40333302815755,80.05509236536754
2023-04-19,80.28333536783855,80.22636384914624
2023-04-20,79.10333506266277,80.15664247623461
2023-04-21,78.10666910807292,79.63371208743666
2023-04-24,77.97333526611328,79.6940743310927
2023-04-25,77.9000015258789,80.40262230676778
2023-04-26,76.71000162760417,80.50061736449678
2023-04-27,75.37666829427083,80.49024696280974
2023-04-28,75.28000132242839,80.621668077941
2023-05-01,75.73333485921223,80.51889440482623
2023-05-02,74.7000020345052,79.97025256172454
2023-05-03,71.97333526611328,80.0126350409431
2023-05-04,69.6066665649414,80.71116480990237
2023-05-05,69.49999745686848,80.80716648809292
2023-05-08,71.01999918619792,80.8027221705835
2023-05-09,72.73666636149089,80.94771647460254
2023-05-10,73.1433334350586,80.86572904746681
2023-05-11,72.37999979654948,80.34449965793583
2023-05-12,71.1566670735677,80.42019343764211
2023-05-15,70.67333475748698,81.15708091829772
2023-05-16,70.67000071207683,81.29552745472634
2023-05-17,71.60000101725261,81.3365696994894
2023-05-18,71.85000101725261,81.52898324078771
2023-05-19,72.08000183105469,81.4951991282621
2023-05-22,71.8000005086263,81.02179385860921
2023-05-23,72.1500015258789,81.14377981443957
2023-05-24,73.07999928792317,81.92431021981626
2023-05-25,73.02666727701823,82.10269262557478
2023-05-26,72.94666544596355,82.17898803284852
2023-05-30,71.31999969482422,82.40109924258672
2023-05-31,70.07333119710286,82.39070567824359
2023-06-01,69.21666463216145,81.93376883450058
2023-06-02,69.97666422526042,82.06483499514665
2023-06-05,71.32999928792317,82.84674901076974
2023-06-06,71.87666575113933,83.01867296072615
2023-06-07,72.13999938964844,83.08068670805717
2023-06-08,71.85333251953125,83.28087392639385
2023-06-09,71.32999928792317,83.24125092849025
2023-06-12,69.52666727701823,82.74826262045431
2023-06-13,68.90333302815755,82.83707248021022
2023-06-14,68.26999918619792,83.57126068374751
2023-06-15,69.43666585286458,83.6908246053037
2023-06-16,70.22333272298177,83.69675916018387
2023-06-20,70.96666717529297,83.83812107579071
2023-06-21,71.60333251953125,83.73793496052403
2023-06-22,70.84666697184245,83.18366605425078
2023-06-23,70.4000015258789,83.2114871240133
2023-06-26,69.34666951497395,83.8859541846485
2023-06-27,68.7433344523112,83.94798580385543
2023-06-28,68.87666575113933,83.89942395751052
2023-06-29,69.03999837239583,83.99008096951923
2023-06-30,70.01999918619792,83.84363079516027
2023-07-03,70.09666697184245,83.24806985225683
2023-07-05,70.74000040690105,83.23997510831843
2023-07-06,71.12666829427083,83.88417426625303
2023-07-07,72.48333485921223,83.92172288635552
2023-07-10,72.88333384195964,83.85446640266245
2023-07-11,73.8933334350586,83.93209147582505
2023-07-12,74.52333323160808,83.7780247680632
2023-07-13,75.82333374023438,83.1799040956406
2023-07-14,76.01999918619792,83.17384934985269
2023-07-17,75.48666636149089,83.82414765304873
2023-07-18,75.1066665649414,83.87124716270708
2023-07-19,75.08333333333333,83.81633702037917
2023-07-20,75.57666524251302,83.9084174020723
2023-07-21,76.01666514078777,83.77021725894127
2023-07-24,77.14666493733723,83.18868420897009
2023-07-25,78.47999827067058,83.19927349077349
2023-07-26,79.0499979654948,83.865649993386
2023-07-27,79.49999745686848,83.92769736109244
2023-07-28,79.81666564941406,83.88611130502858
2023-07-31,80.82333374023438,83.98948077077898
2023-08-01,81.25000254313152,83.86021430832176
2023-08-02,80.8866678873698,83.28503593260231
2023-08-03,80.80333455403645,83.29927728690586
2023-08-04,81.28666687011719,83.96658009868949
2023-08-07,82.10333506266277,84.02690297676979
2023-08-08,82.56000010172527,83.9811098026838
2023-08-09,83.08666737874348,84.07804355341821
2023-08-10,83.37999979654948,83.94044315014686
2023-08-11,83.47000122070312,83.35542792227676
2023-08-14,82.84000142415364,83.35877684349602
2023-08-15,82.23000081380208,84.01461690745464
2023-08-16,80.95999908447266,84.06341509247983
2023-08-17,80.25333150227864,84.00655158012304
2023-08-18,80.33999888102214,84.09337847657568
2023-08-21,80.78666687011719,83.9471220324868
2023-08-22,80.77333323160808,83.35535332959805
2023-08-23,79.98666636149089,83.35425493864007
2023-08-24,79.43000030517578,84.00829822358229
2023-08-25,79.25666809082031,84.05822600166913
2023-08-28,79.66000111897786,84.00561843039243
2023-08-29,80.36333465576172,84.09994651897495
2023-08-30,80.96333312988281,83.96447134788566
2023-08-31,82.13999938964844,83.38671399135103
2023-09-01,83.60333251953125,83.40272361321175
2023-09-05,85.29000091552734,84.07675831902246
2023-09-06,86.5933354695638,84.14927332753352
2023-09-07,87.03333536783855,84.12149413778566
2023-09-08,87.30666859944661,84.2424788525989
2023-09-11,87.22333526611328,84.13502747094172
2023-09-12,87.87999979654948,83.58616284742142
2023-09-13,88.21666463216145,83.63141047575868
2023-09-14,89.17333221435547,84.33449135817767
2023-09-15,89.81666564941406,84.43532220450943
2023-09-18,90.80333455403645,84.43460032856517
2023-09-19,91.14999898274739,84.58087711266592
2023-09-20,90.98666636149089,84.49647758949179
2023-09-21,90.36999766031902,83.96799060914778
2023-09-22,89.97999827067058,84.03055655640952
2023-09-25,89.77999877929688,84.74756673081538
2023-09-26,90.03333282470703,84.85866852938476
2023-09-27,91.25,84.8643537422543
2023-09-28,91.92666625976562,85.01303382135265
2023-09-29,92.06000010172527,84.92695970563045
2023-10-02,90.43999989827473,84.39271074734646
2023-10-03,89.61333465576172,84.44547981929479
2023-10-04,87.42333475748698,85.1487688638298
2023-10-05,85.25333404541016,85.24238919903826
2023-10-06,83.1066665649414,85.22704408880568
2023-10-09,83.82666524251302,85.35139764722497
2023-10-10,85.04666646321614,85.23798787795482
2023-10-11,85.27999877929688,84.67370860967988
2023-10-12,84.12333424886067,84.69408761693687
2023-10-13,84.69666798909505,85.3629753828184
2023-10-16,85.75333658854167,85.42053899510776
2023-10-17,87.00333658854167,85.36783883432307
2023-10-18,87.21333567301433,85.45389224761375
2023-10-19,88.11666870117188,85.30158210123093
2023-10-20,88.81333414713542,84.69813503197668
2023-10-23,87.87000020345052,84.67939671253843
2023-10-24,85.99333190917969,85.30951858004798
2023-10-25,84.87333170572917,85.32895048098186
2023-10-26,84.1133321126302,85.23901682418922
2023-10-27,84.71333312988281,85.2889803446132
2023-10-30,83.68666585286458,85.10195125895426
2023-10-31,82.9566650390625,84.46536650724029
2023-11-01,81.2566655476888,84.41526625942842
2023-11-02,81.30666605631511,85.0159819969073
2023-11-03,81.1366678873698,85.00813048497255
2023-11-06,81.26333363850911,84.8931910988276
2023-11-07,79.56666819254558,84.92057048974794
2023-11-08,77.84000142415364,84.71351227471332
2023-11-09,76.14666748046875,84.05957636753948
2023-11-10,76.07999928792317,83.99491507989748
2023-11-13,77.05666605631511,84.58396027875973
2023-11-14,77.89666748046875,84.56741592159848
2023-11-15,77.72666931152344,84.44683346577203
2023-11-16,75.94000244140625,84.47167420030178
2023-11-17,75.1500015258789,84.26521627049024
2023-11-20,75.46333312988281,83.61503112311703
2023-11-21,77.08666483561198,83.55725662888516
2023-11-22,77.48999786376953,84.15628131094532
2023-11-23,77.07333119710286,84.15273415162847
2023-11-24,76.32999928792317,84.04805762770921
2023-11-27,75.58333333333333,84.0915681731303
2023-11-28,75.60333506266277,83.9063619815362
2023-11-29,76.37666829427083,83.2797910034187
2023-11-30,76.7433344523112,83.24773650158333
2023-12-01,75.96333312988281,83.87429467571101
2023-12-04,74.3566665649414,83.89976888124251
2023-12-05,73.1433334350586,83.82524611365668
2023-12-06,71.57999928792317,83.89966194353983
2023-12-07,70.34666442871094,83.74571176584726
2023-12-08,69.98333231608073,83.15033313390315
2023-12-11,70.62999979654948,83.14898642363937
2023-12-12,70.3866678873698,83.80534818911117
2023-12-13,69.8000005086263,83.85931155689904
2023-12-14,69.8866678873698,83.81157112944321
2023-12-15,70.82666778564453,83.91069636399921
2023-12-18,71.82666778564453,83.7790510601328
2023-12-19,72.44666798909505,83.20328349112317
2023-12-20,73.37666829427083,83.21861419180648
2023-12-21,73.85000101725261,83.88853554049568
2023-12-22,73.88999938964844,83.95281727586358
2023-12-26,74.33999888102214,83.91209523563833
2023-12-27,74.41333262125652,84.01494713040289
2023-12-28,73.81666564941406,83.88381286740362
2023-12-29,72.50999959309895,83.30548388168273
2024-01-02,71.26666514078777,83.31538845250392
2024-01-03,71.57666524251302,83.97728715401075
2024-01-04,71.7566655476888,84.03127263901332
2024-01-05,72.89999898274739,83.97835114728467
2024-01-08,72.2566655476888,84.06750970077267
2024-01-09,72.27333068847656,83.92162669133369
2024-01-10,71.45999908447266,83.32795054610524
2024-01-11,71.87666575113933,83.32237370784061
2024-01-12,72.02333323160808,83.9691163634028
2024-01-16,72.36666615804036,84.00871442099123
2024-01-17,72.54666646321614,83.94258943842225
2024-01-18,73.01333363850911,84.02010477652904
2024-01-19,73.35000101725261,83.86446598689061
2024-01-22,74.22666931152344,83.2631904058841
2024-01-23,74.32333628336589,83.25237345415712
2024-01-24,74.88333384195964,83.89636630364198
2024-01-25,75.6066665649414,83.93575960170881
2024-01-26,76.81999969482422,83.87195109802467
2024-01-29,77.38333384195964,83.95420154081467
2024-01-30,77.53666687011719,83.80553689037752
2024-01-31,76.81666564941406,83.21322180459829
2024-02-01,75.82999928792317,83.21303182199397
2024-02-02,73.98333231608073,83.86893877575312
2024-02-05,72.95999908447266,83.92110394739643
2024-02-06,72.78999837239583,83.87045657654396
2024-02-07,73.31666564941406,83.9657618220408
2024-02-08,74.46333312988281,83.82953591535794
2024-02-09,75.63999938964844,83.24853312656515
2024-02-12,76.65999857584636,83.25803161538921
2024-02-13,77.20999908447266,83.92153233853475
2024-02-14,77.1433334350586,83.97876516037816
2024-02-15,77.51333363850911,83.93027943248576
2024-02-16,77.95333353678386,84.02452280647692
2024-02-20,78.46666717529297,83.88376571993756
2024-02-21,78.42666880289714,83.29459591248195
2024-02-22,78.23333485921223,83.29220982682331
2024-02-23,77.67000071207683,83.94011490026911
2024-02-26,77.56000010172527,83.97813678483178
2024-02-27,77.64666748046875,83.90700871270388
2024-02-28,78.33000183105469,83.9754467850043
2024-02-29,78.55666859944661,83.80606869896177
2024-03-01,78.92333475748698,83.18588040664669
2024-03-04,78.99000040690105,83.15055775326331
2024-03-05,78.95333353678386,83.76413734600345
2024-03-06,78.67333221435547,83.7670109830186
2024-03-07,78.73666636149089,83.66050118919046
2024-03-08,78.68999989827473,83.69392199589124
2024-03-11,78.29000091552734,83.49048285935038
2024-03-12,77.83333333333333,82.83776059994177
2024-03-13,78.40333302815755,82.77196679898042
2024-03-14,79.51333363850911,83.35762528146165
2024-03-15,80.67333475748698,83.33555437034356
2024-03-18,81.67333475748698,83.20743178406016
2024-03-19,82.41000111897786,83.22284659953839
2024-03-20,82.62333424886067,83.00519641277677
2024-03-21,82.07333374023438,82.34215476251073
2024-03-22,81.12666575113933,82.26993637761375
2024-03-25,81.21666463216145,82.85297493804981
2024-03-26,81.39999898274739,82.83190803205375
2024-03-27,81.63999938964844,82.70814711394495
2024-03-28,82.04666646321614,82.7309367550681
2024-04-01,82.74333190917969,82.52326113102244
2024-04-02,84.00999959309895,81.87232256788258
2024-04-03,84.76333363850911,81.81381941772877
2024-04-04,85.72333272298177,82.41163762339798
2024-04-05,86.31000010172527,82.40585029445505
2024-04-08,86.6433334350586,82.29730271700667
2024-04-09,86.19000244140625,82.33468669736328
2024-04-10,85.95666758219402,82.14046178976895
2024-04-11,85.48666636149089,81.50134784821651
2024-04-12,85.62999979654948,81.45261581022942
2024-04-15,85.36333465576172,82.05779074002665
2024-04-16,85.47666931152344,82.05666115909604
2024-04-17,84.48666890462239,81.94987183912389
2024-04-18,83.5933354695638,81.98600376210833
2024-04-19,82.85333506266277,81.7874986601721
2024-04-22,82.9066670735677,81.14115249807148
2024-04-23,83.11666615804036,81.08240479168293
2024-04-24,83.0066655476888,81.67503783745047
2024-04-25,83.24666595458984,81.65917998906639
2024-04-26,83.40999857584636,81.53589032161133
2024-04-29,83.3499984741211,81.55422860559692
2024-04-30,82.80333201090495,81.33716826705344
2024-05-01,81.18666585286458,80.67207699885364
2024-05-02,79.95999908447266,80.5949922489417
2024-05-03,78.68666585286458,81.17030601390633
2024-05-06,78.51333363850911,81.13875343910496
2024-05-07,78.32333374023438,81.00198293216852
2024-05-08,78.61666615804036,81.00961207102495
2024-05-09,78.87666575113933,80.7851273238501
2024-05-10,78.83666737874348,80.11635256140659
2024-05-13,78.88000233968098,80.03971386869603
2024-05-14,78.46666717529297,80.61991532484542
2024-05-15,78.58999888102214,80.59792044642047
2024-05-16,78.62666575113933,80.4755171443823
2024-05-17,79.30666605631511,80.50237056560964
2024-05-20,79.69666798909505,80.30192187152375
2024-05-21,79.70666758219402,79.66185791483494
2024-05-22,78.87666829427083,79.61837924920073
2024-05-23,77.9000015258789,80.23588101890932
2024-05-24,77.3866678873698,80.25494125700544
2024-05-28,78.14000193277995,80.17689423569723
2024-05-29,78.92666880289714,80.25089300079284
2024-05-30,78.99000295003255,80.09981887798708
2024-05-31,78.0433349609375,79.51076262965785
2024-06-03,76.37333424886067,79.51930440516882
2024-06-04,74.81999969482422,80.18920673876048
2024-06-05,73.84666697184245,80.26041483723309
2024-06-06,74.29000091552734,80.23364152944156
2024-06-07,75.0500005086263,80.35744075892136
2024-06-10,76.27333323160808,80.25412718452424
2024-06-11,77.05666605631511,79.71026637742604
2024-06-12,78.04666646321614,79.76096260382832
2024-06-13,78.34000142415364,80.46955833316966
2024-06-14,78.52333323160808,80.57563964071814
2024-06-17,79.13333384195964,80.57962484431785
2024-06-18,80.11666615804036,80.72984026446746
2024-06-20,81.3566665649414,80.64844071825772
2024-06-21,81.49000040690105,80.12189931564897
2024-06-24,81.50999959309895,80.18529365762872
